"Status","Restaurant Name","slug","Restaurants (Item)","map_area","map_area_slug","location_label","subarea","address","phone","website","price","notes","hours","Restaurants (List)","List Image","Detail Image","Logo","Vibe","Cuisine Type","Meal Type","Food Type","googlePlaceId","Happy Hour (drinks)","Happy Hour (food)","Live Music","Outdoor Dining","Our Favorite","Reservations","Video","Facebook URL","Instagram","Kid Friendly","Category","Search Terms","ID","Created Date","Updated Date","Owner","Publish Date","Unpublish Date","Groups of 12"
"PUBLISHED","O-Ku","o-ku-alys-beach","/restaurants/o-ku","Alys Beach","alys-beach","Alys Beach","","{""subdivisions"":[{""code"":""FL"",""name"":""Florida"",""type"":""ADMINISTRATIVE_AREA_LEVEL_1""},{""code"":""Walton County"",""name"":""Walton County"",""type"":""ADMINISTRATIVE_AREA_LEVEL_2""},{""code"":""Alys Beach"",""name"":""Alys Beach"",""type"":""ADMINISTRATIVE_AREA_LEVEL_3""},{""code"":""US"",""name"":""United States"",""type"":""COUNTRY""}],""city"":""Alys Beach"",""location"":{""latitude"":30.28546279999999,""longitude"":-86.0277191},""countryFullname"":""United States"",""streetAddress"":{""apt"":""r102"",""name"":""Admiralty Row"",""number"":""27""},""formatted"":""27 Admiralty Row r102, Alys Beach, FL 32461, USA"",""country"":""US"",""postalCode"":""32461"",""subdivision"":""FL""}","(850) 909-0380","https://okusushi.com/","$$$","O-Ku serves high-end sushi in a sleek, modern setting. A top spot for sushi lovers.","Mon-Thu 4pm-10pm, Fri 11am-10pm Sat & Sun: 11am-10pm","/restaurants1/","","","","[""Upscale""]","[""Japanese""]","[""Lunch"",""Dinner""]","[""Sushi""]","ChIJr3QMS77vk4gRdWQjC5hsSpU","[""In Review""]","[""In Review""]","[""In Review""]","[""In Review""]","[""In Review""]","[""Yes""]","[""Coming Soon""]","https://www.facebook.com/OKuAlysBeach","https://www.instagram.com/okusushi/","[""No""]","[""Restaurant""]","O-Ku Restaurant Sushi Japanese Upscale Alys Beach","0407e0a6-ba00-4afb-a669-b5f94ec37cb4","2026-04-19T20:00:16Z","2026-05-09T12:20:25Z","de29ed44-ed1b-41d4-b93d-94f3e3c2dc4d","2026-04-19T20:00:16Z","","[""In Review""]"
"PUBLISHED","Big Bad Breakfast","big-bad-breakfast-inlet-beach","/restaurants/big-bad-breakfast","Inlet Beach","inlet-beach","Inlet Beach | The Pointe","The Pointe","{""subdivisions"":[{""code"":""FL"",""name"":""Florida"",""type"":""ADMINISTRATIVE_AREA_LEVEL_1""},{""code"":""Walton County"",""name"":""Walton County"",""type"":""ADMINISTRATIVE_AREA_LEVEL_2""},{""code"":""Inlet Beach"",""name"":""Inlet Beach"",""type"":""ADMINISTRATIVE_AREA_LEVEL_4""},{""code"":""US"",""name"":""United States"",""type"":""COUNTRY""}],""city"":""Walton County"",""location"":{""latitude"":30.2797647,""longitude"":-86.0112006},""countryFullname"":""United States"",""streetAddress"":{""apt"":"""",""name"":""East County Highway 30A"",""number"":""10711""},""formatted"":""10711 E County Hwy 30A, Inlet Beach, FL 32461, USA"",""country"":""US"",""postalCode"":""32461"",""subdivision"":""FL""}","(850) 532-6975","https://bigbadbreakfast.com/","$$","Big Bad Breakfast serves hearty breakfast classics in a casual environment. A top morning destination.","Mon-Fri: 7am-2:30pm Sat & Sun: 7am-2:30pm","/restaurants1/","","","","[""Casual Dining""]","[""American""]","[""Breakfast"",""Lunch""]","[""Breakfast Spot""]","ChIJ3U920AHyk4gR95LtwM2Jv7I","[""In Review""]","[""In Review""]","[""In Review""]","[""Yes""]","[""In Review""]","[""No""]","[""Coming Soon""]","https://www.facebook.com/bigbadbreakfastflorida","https://www.instagram.com/bigbadbreakfast/","[""Yes""]","[""Restaurant""]","Big Bad Breakfast Restaurant Breakfast Spot American Casual Dining Inlet Beach","0583d6f8-f9ec-4c48-8e81-fb6abeab5ac5","2026-04-19T20:00:16Z","2026-05-09T12:20:25Z","de29ed44-ed1b-41d4-b93d-94f3e3c2dc4d","2026-04-19T20:00:16Z","","[""In Review""]"
"PUBLISHED","Raw & Juicy","raw-and-juicy-alys-beach","/restaurants/raw-%26-juicy","Alys Beach","alys-beach","Alys Beach","","{""subdivisions"":[{""code"":""FL"",""name"":""Florida"",""type"":""ADMINISTRATIVE_AREA_LEVEL_1""},{""code"":""Walton County"",""name"":""Walton County"",""type"":""ADMINISTRATIVE_AREA_LEVEL_2""},{""code"":""Alys Beach"",""name"":""Alys Beach"",""type"":""ADMINISTRATIVE_AREA_LEVEL_3""},{""code"":""US"",""name"":""United States"",""type"":""COUNTRY""}],""city"":""Alys Beach"",""location"":{""latitude"":30.28553179999999,""longitude"":-86.0304211},""countryFullname"":""United States"",""streetAddress"":{""apt"":"""",""name"":""West La Garza Lane"",""number"":""147""},""formatted"":""147 West La Garza Lane, Alys Beach, FL 32461, USA"",""country"":""US"",""postalCode"":""32461"",""subdivision"":""FL""}","(850) 909-0230","https://rawandjuicy.com/","$$","Raw & Juicy focuses on healthy bowls and juices in a casual environment. Great for a light meal.","Mon-Fri: 8am-5pm Sat & Sun: 8am-5pm","/restaurants1/","","","","[""Casual Dining""]","[""American"",""Cafe""]","[""Breakfast"",""Lunch""]","[""Juice & Bowls"",""Smoothies"",""Coffee"",""Cafe""]","ChIJHb1UGOPkk4gRjuEruZ5fXX0","[""In Review""]","[""In Review""]","[""In Review""]","[""In Review""]","[""In Review""]","[""Yes""]","[""Coming Soon""]","https://www.facebook.com/rawandjuicylife","https://www.instagram.com/rawandjuicy30a/","[""Yes""]","[""Cafe / Coffee""]","Raw & Juicy Cafe Coffee Juice Bowls Smoothies Coffee Cafe American Casual Dining Alys Beach","060116cc-0842-4c89-a940-a6b1818d5d5f","2026-04-19T20:00:16Z","2026-05-09T12:20:25Z","de29ed44-ed1b-41d4-b93d-94f3e3c2dc4d","2026-04-19T20:00:16Z","","[""In Review""]"
"PUBLISHED","Charlie’s Delights","charlies-delights","/restaurants/charlies-delights","Alys Beach","alys-beach","Alys Beach","","{""subdivisions"":[{""code"":""FL"",""name"":""Florida"",""type"":""ADMINISTRATIVE_AREA_LEVEL_1""},{""code"":""Walton County"",""name"":""Walton County"",""type"":""ADMINISTRATIVE_AREA_LEVEL_2""},{""code"":""Alys Beach"",""name"":""Alys Beach"",""type"":""ADMINISTRATIVE_AREA_LEVEL_3""},{""code"":""US"",""name"":""United States"",""type"":""COUNTRY""}],""city"":""Alys Beach"",""location"":{""latitude"":30.2856373,""longitude"":-86.02856790000001},""countryFullname"":""United States"",""streetAddress"":{""apt"":""Unit 102"",""name"":""Somerset Street"",""number"":""67""},""formatted"":""67 Somerset Street Unit 102, Alys Beach, FL 32461, USA"",""country"":""US"",""postalCode"":""32461"",""subdivision"":""FL""}","(850) 909-0200","","$","Charlie’s Delights serves ice cream, coffee, and sweet treats in the heart of Alys Beach. A fun stop for dessert and quick bites.","Mon-Fri: 6:30am-6pm Sat 6am-7pm, Sun 6:30am-6pm","/restaurants1/","","","","","[""American"",""Dessert""]","[""Desserts""]","[""Dessert""]","ChIJH-sxbh7uk4gRNFSkfxZCcw4","[""In Review""]","[""In Review""]","[""In Review""]","[""In Review""]","[""In Review""]","[""In Review""]","[""Coming Soon""]","https://www.facebook.com/CharliesDelights30A/","https://www.instagram.com/charliesdelights30a/","[""Yes""]","[""Dessert""]","Charlie’s Delights Charlies Delights Dessert Dessert Desserts American Alys Beach","0675115d-5349-4cf8-bc88-6d1f768179f9","2026-04-28T01:01:33Z","2026-09-30T12:00:00Z","de29ed44-ed1b-41d4-b93d-94f3e3c2dc4d","2026-04-28T00:48:06Z","","[""In Review""]"
"PUBLISHED","Stinky’s Bait Shack","stinkys-bait-shack-dune-allen-beach","/restaurants/stinky%E2%80%99s-bait-shack","Dune Allen Beach","dune-allen-beach","Dune Allen Beach"," ","{""subdivisions"":[{""code"":""FL"",""name"":""Florida"",""type"":""ADMINISTRATIVE_AREA_LEVEL_1""},{""code"":""Walton County"",""name"":""Walton County"",""type"":""ADMINISTRATIVE_AREA_LEVEL_2""},{""code"":""Santa Rosa Beach"",""name"":""Santa Rosa Beach"",""type"":""ADMINISTRATIVE_AREA_LEVEL_3""},{""code"":""US"",""name"":""United States"",""type"":""COUNTRY""}],""city"":""Santa Rosa Beach"",""location"":{""latitude"":30.354077,""longitude"":-86.2542217},""countryFullname"":""United States"",""streetAddress"":{""apt"":"""",""name"":""West County Highway 30A"",""number"":""5960""},""formatted"":""5960 W County Hwy 30A, Santa Rosa Beach, FL 32459, USA"",""country"":""US"",""postalCode"":""32459"",""subdivision"":""FL""}","(850) 213-9066","https://www.stinkysbaitshop.com/","$$","Stinky’s Bait Shack opens at 7am daily with coffee and breakfast items: tacos, sandwiches, biscuits, and grits. It does not serve meals, only snacks, plus those breakfast items. Free Bingo every Sunday from 4 to 6pm, year-round. Hours and seasonal closings change.","Opens at 7am daily. Free Bingo every Sunday from 4 to 6pm, year-round. Hours and seasonal closings change.","/restaurants1/","","","","[""Casual Dining"",""Bar""]","[""American""]","[""Breakfast""]","[""Sandwiches""]","ChIJf_9b2XXik4gRsenAWaskJTg","[""In Review""]","[""In Review""]","[""Yes""]","[""In Review""]","[""In Review""]","[""In Review""]","[""Coming Soon""]","https://www.facebook.com/stinkys.baitshack","https://www.instagram.com/stinkysbaitshack/","[""Yes""]","[""Bar & Restaurant""]","Stinky’s Bait Shack Bar Restaurant Sandwiches American Casual Dining Bar Dune Allen Beach","07d7d108-e17f-46b9-a3e4-023e6a7b79d4","2026-04-19T20:00:16Z","2026-09-30T12:00:00Z","de29ed44-ed1b-41d4-b93d-94f3e3c2dc4d","2026-04-19T20:00:16Z","","[""In Review""]"
"PUBLISHED","The Citizen","the-citizen-alys-beach","/restaurants/the-citizen","Alys Beach","alys-beach","Alys Beach","","{""subdivisions"":[{""code"":""FL"",""name"":""Florida"",""type"":""ADMINISTRATIVE_AREA_LEVEL_1""},{""code"":""Walton County"",""name"":""Walton County"",""type"":""ADMINISTRATIVE_AREA_LEVEL_2""},{""code"":""Alys Beach"",""name"":""Alys Beach"",""type"":""ADMINISTRATIVE_AREA_LEVEL_3""},{""code"":""US"",""name"":""United States"",""type"":""COUNTRY""}],""city"":""Alys Beach"",""location"":{""latitude"":30.2847295,""longitude"":-86.0278965},""countryFullname"":""United States"",""streetAddress"":{""apt"":"""",""name"":""Mark Twain Lane"",""number"":""20""},""formatted"":""20 Mark Twain Ln, Alys Beach, FL 32461, USA"",""country"":""US"",""postalCode"":""32461-8262"",""subdivision"":""FL""}","(850) 909-0702","https://citizenalys.com/","$$$","The Citizen offers upscale seafood dining in a refined setting. Ideal for dinner.","Wed-Fri 10:30am-2pm & 5pm-10pm, Mon-Tue 5pm-10pm Sat-Sun 10:30am-2pm & 5pm-10pm","/restaurants1/","","","","[""Upscale""]","[""Seafood"",""American""]","[""Lunch"",""Dinner""]","[""Raw Bar""]","ChIJzwt5TU7xk4gR7IbXUr7CPYU","[""Yes""]","[""Yes""]","[""In Review""]","[""Yes""]","[""In Review""]","[""Yes""]","[""Coming Soon""]","https://www.facebook.com/thecitizenalys","https://www.instagram.com/thecitizen30a/","[""No""]","[""Restaurant""]","The Citizen Restaurant Raw Bar Seafood American Upscale Alys Beach","094eedb6-f8a5-4bd3-930e-e9db799b210b","2026-04-19T20:00:16Z","2026-09-30T12:00:00Z","de29ed44-ed1b-41d4-b93d-94f3e3c2dc4d","2026-04-19T20:00:16Z","","[""In Review""]"
"PUBLISHED","Old Florida Fish House","old-florida-fish-house-seagrove-beach","/restaurants/old-florida-fish-house","Seagrove Beach","seagrove-beach","Seagrove Beach","","{""subdivisions"":[{""code"":""FL"",""name"":""Florida"",""type"":""ADMINISTRATIVE_AREA_LEVEL_1""},{""code"":""Walton County"",""name"":""Walton County"",""type"":""ADMINISTRATIVE_AREA_LEVEL_2""},{""code"":""Santa Rosa Beach"",""name"":""Santa Rosa Beach"",""type"":""ADMINISTRATIVE_AREA_LEVEL_3""},{""code"":""US"",""name"":""United States"",""type"":""COUNTRY""}],""city"":""Santa Rosa Beach"",""location"":{""latitude"":30.3137206,""longitude"":-86.0919494},""countryFullname"":""United States"",""streetAddress"":{""apt"":"""",""name"":""Heron’s Watch Way"",""number"":""33""},""formatted"":""33 Heron’s Watch Way, Santa Rosa Beach, FL 32459, USA"",""country"":""US"",""postalCode"":""32459"",""subdivision"":""FL""}","(850) 534-3045","https://oldfloridafishhouse.com/","$$$","Old Florida Fish House sits on Eastern Lake at 33 Heron’s Watch Way, with Gulf seafood, a sushi bar, and lunch and dinner.","Lunch 11am-3:30pm, dinner 4:30pm-10pm.","/restaurants1/","","","","[""Casual Dining""]","[""Seafood"",""Japanese"",""Sushi""]","[""Lunch"",""Dinner""]","[""Raw Bar""]","ChIJZdtaNorvk4gRrNtf8d-Y35c","[""In Review""]","[""In Review""]","[""Yes""]","[""In Review""]","[""In Review""]","[""Yes""]","[""Coming Soon""]","https://www.facebook.com/oldfloridafishhouse","https://www.instagram.com/oldfloridafishhouse/","[""Yes""]","[""Bar & Restaurant""]","Old Florida Fish House Bar Restaurant Raw Bar Seafood Japanese Sushi Casual Dining Seagrove Beach","09625144-9457-49b0-a384-4e8775dad657","2026-04-19T20:00:16Z","2026-05-09T12:20:25Z","de29ed44-ed1b-41d4-b93d-94f3e3c2dc4d","2026-04-19T20:00:16Z","","[""In Review""]"
"PUBLISHED","Pizza by the Sea","pizza-by-the-sea-watercolor","/restaurants/pizza-by-the-sea","WaterColor","watercolor","WaterColor","","{""subdivisions"":[{""code"":""FL"",""name"":""Florida"",""type"":""ADMINISTRATIVE_AREA_LEVEL_1""},{""code"":""Walton County"",""name"":""Walton County"",""type"":""ADMINISTRATIVE_AREA_LEVEL_2""},{""code"":""Santa Rosa Beach"",""name"":""Santa Rosa Beach"",""type"":""ADMINISTRATIVE_AREA_LEVEL_3""},{""code"":""US"",""name"":""United States"",""type"":""COUNTRY""}],""city"":""Santa Rosa Beach"",""location"":{""latitude"":30.3278455,""longitude"":-86.125974},""countryFullname"":""United States"",""streetAddress"":{""apt"":"""",""name"":""Watercolor Way"",""number"":""88""},""formatted"":""88 Watercolor Way, Santa Rosa Beach, FL 32459, USA"",""country"":""US"",""postalCode"":""32459"",""subdivision"":""FL""}","(850) 231-3030","https://www.pizzabythesea.com/","$$","Pizza by the Sea is a reliable choice for classic pizza in a casual setting. Great for families and quick meals.","Daily 11am-9pm","/restaurants1/","","","","[""Casual Dining""]","[""Italian""]","[""Lunch"",""Dinner""]","[""Pizza""]","ChIJyXC9aAblk4gRxMy1G7DaNok","[""In Review""]","[""In Review""]","[""In Review""]","[""Yes""]","[""In Review""]","[""In Review""]","[""Coming Soon""]","https://www.facebook.com/pizzabythesea","https://www.instagram.com/pizzabythesea/","[""Yes""]","[""Restaurant""]","Pizza by the Sea Restaurant Pizza Italian Casual Dining WaterColor","0a774985-e06c-44fd-9835-c89ff12380f5","2026-04-19T20:00:16Z","2026-09-30T14:00:00Z","de29ed44-ed1b-41d4-b93d-94f3e3c2dc4d","2026-04-19T20:00:16Z","","[""In Review""]"
"PUBLISHED","The Perfect Pig","the-perfect-pig-seagrove-beach","/restaurants/the-perfect-pig","Seagrove Beach","seagrove-beach","Seagrove Beach","","{""subdivisions"":[{""code"":""FL"",""name"":""Florida"",""type"":""ADMINISTRATIVE_AREA_LEVEL_1""},{""code"":""Walton County"",""name"":""Walton County"",""type"":""ADMINISTRATIVE_AREA_LEVEL_2""},{""code"":""Santa Rosa Beach"",""name"":""Santa Rosa Beach"",""type"":""ADMINISTRATIVE_AREA_LEVEL_3""},{""code"":""US"",""name"":""United States"",""type"":""COUNTRY""}],""city"":""Santa Rosa Beach"",""location"":{""latitude"":30.310756,""longitude"":-86.10576809999999},""countryFullname"":""United States"",""streetAddress"":{""apt"":"""",""name"":""East County Highway 30A"",""number"":""4281""},""formatted"":""4281 E County Hwy 30A, Santa Rosa Beach, FL 32459, USA"",""country"":""US"",""postalCode"":""32459-6686"",""subdivision"":""FL""}","(850) 213-0701","https://www.theperfectpig.com/","$$","The Perfect Pig in Seagrove serves Southern breakfast, lunch, and dinner, including biscuits, grits, and sandwiches. Open daily 8am-9pm.","Daily 8am-9pm","/restaurants1/","","","","[""Fine Dining""]","[""American"",""Southern""]","[""Breakfast"",""Lunch"",""Dinner""]","[""Breakfast Spot"",""Sandwiches""]","ChIJ8zS7RWjlk4gRguwMaGePHCQ","[""In Review""]","[""In Review""]","[""In Review""]","[""In Review""]","[""In Review""]","[""Yes""]","[""Coming Soon""]","https://www.facebook.com/ThePerfectPig","https://www.instagram.com/theperfectpig30a/","[""Yes""]","[""Restaurant""]","The Perfect Pig Restaurant Breakfast Spot Sandwiches American Fine Dining Seagrove Beach","0ba6f7bf-b954-4a3e-b89a-5bcc23a8fab9","2026-04-19T20:00:16Z","2026-09-30T12:00:00Z","de29ed44-ed1b-41d4-b93d-94f3e3c2dc4d","2026-04-19T20:00:16Z","","[""In Review""]"
"PUBLISHED","Surfing Deer","surfing-deer-seagrove-beach","/restaurants/surfing-deer","Seagrove Beach","seagrove-beach","Seagrove Beach","","{""subdivisions"":[{""code"":""FL"",""name"":""Florida"",""type"":""ADMINISTRATIVE_AREA_LEVEL_1""},{""code"":""Walton County"",""name"":""Walton County"",""type"":""ADMINISTRATIVE_AREA_LEVEL_2""},{""code"":""Santa Rosa Beach"",""name"":""Santa Rosa Beach"",""type"":""ADMINISTRATIVE_AREA_LEVEL_3""},{""code"":""US"",""name"":""United States"",""type"":""COUNTRY""}],""city"":""Santa Rosa Beach"",""location"":{""latitude"":30.3174509,""longitude"":-86.1296546},""countryFullname"":""United States"",""streetAddress"":{""apt"":"""",""name"":""East County Highway 30A"",""number"":""2743""},""formatted"":""2743 E County Hwy 30A, Santa Rosa Beach, FL 32459, USA"",""country"":""US"",""postalCode"":""32459-6223"",""subdivision"":""FL""}","(850) 213-4200","https://surfingdeer.com/","$$$","Surfing Deer serves dinner in Seagrove at the corner of County Highway 30A and 395. Open Monday through Saturday from 4:30pm, closed Sunday.","Mon-Fri 4:30pm-close Sat 4:30pm-close, Sun closed","/restaurants1/","","","","[""Casual Dining""]","[""American"",""Seafood""]","[""Dinner""]","[""Bistro""]","ChIJPw05dxzlk4gRTh6231e6aSE","[""In Review""]","[""In Review""]","[""In Review""]","[""Yes""]","[""In Review""]","[""Yes""]","[""Coming Soon""]","https://www.facebook.com/surfingdeer","https://www.instagram.com/surfingdeer/","[""No""]","[""Restaurant""]","Surfing Deer Restaurant Bistro American Seafood Casual Dining Seagrove Beach","0e05c6a9-ca31-4fa7-bbc4-8b669e37c63a","2026-04-19T20:00:16Z","2026-05-09T12:20:25Z","de29ed44-ed1b-41d4-b93d-94f3e3c2dc4d","2026-04-19T20:00:16Z","","[""Yes""]"
"PUBLISHED","Turbo Coffee","turbo-coffee","/restaurants/turbo-coffee","Seagrove Beach","seagrove-beach","Seagrove Beach","","{""subdivisions"":[{""code"":""FL"",""name"":""Florida"",""type"":""ADMINISTRATIVE_AREA_LEVEL_1""},{""code"":""Walton County"",""name"":""Walton County"",""type"":""ADMINISTRATIVE_AREA_LEVEL_2""},{""code"":""Santa Rosa Beach"",""name"":""Santa Rosa Beach"",""type"":""ADMINISTRATIVE_AREA_LEVEL_3""},{""code"":""US"",""name"":""United States"",""type"":""COUNTRY""}],""city"":""Santa Rosa Beach"",""location"":{""latitude"":30.31223689999999,""longitude"":-86.0991186},""countryFullname"":""United States"",""streetAddress"":{""apt"":""a101"",""name"":""East County Highway 30A"",""number"":""4771""},""formatted"":""4771 E County Hwy 30A a101, Santa Rosa Beach, FL 32459, USA"",""country"":""US"",""postalCode"":""32459"",""subdivision"":""FL""}","(850) 213-3170","https://www.turbo-coffee.com/","$","Turbo Coffee serves craft coffee, espresso drinks, and light café fare in a stylish atmosphere. A popular stop for coffee lovers in Seagrove.","Mon-Fri: 7am-5pm Sat & Sun: 7am-5pm","/restaurants1/","","","","[""Casual Dining""]","[""American"",""Cafe""]","[""Breakfast"",""Lunch""]","[""Coffee"",""Cafe""]","ChIJoxmGJpDlk4gRYLgzWeW4Iz4","[""In Review""]","[""In Review""]","[""In Review""]","[""In Review""]","[""In Review""]","[""In Review""]","[""Coming Soon""]","https://www.facebook.com/turbocoffee4","https://www.instagram.com/turbo.coffee/","[""Yes""]","[""Cafe / Coffee""]","Turbo Coffee Cafe Coffee American Casual Dining Seagrove Beach","102f2184-dfcf-490d-949e-a3a98f2c46ef","2026-04-28T00:54:08Z","2026-09-30T12:00:00Z","de29ed44-ed1b-41d4-b93d-94f3e3c2dc4d","2026-04-28T00:48:06Z","","[""In Review""]"
"PUBLISHED","South of Philly","south-of-philly-gulf-place","/restaurants/south-of-philly","Gulf Place","gulf-place","Gulf Place","","{""subdivisions"":[{""code"":""FL"",""name"":""Florida"",""type"":""ADMINISTRATIVE_AREA_LEVEL_1""},{""code"":""Walton County"",""name"":""Walton County"",""type"":""ADMINISTRATIVE_AREA_LEVEL_2""},{""code"":""Santa Rosa Beach"",""name"":""Santa Rosa Beach"",""type"":""ADMINISTRATIVE_AREA_LEVEL_3""},{""code"":""US"",""name"":""United States"",""type"":""COUNTRY""}],""city"":""Santa Rosa Beach"",""location"":{""latitude"":30.3475578,""longitude"":-86.23055459999999},""countryFullname"":""United States"",""streetAddress"":{""apt"":"""",""name"":""Town Center Loop"",""number"":""42""},""formatted"":""42 Town Center Loop, Santa Rosa Beach, FL 32459, USA"",""country"":""US"",""postalCode"":""32459"",""subdivision"":""FL""}","(850) 660-3378","http://www.southofphilly30a.com/","$","South of Philly serves up authentic cheesesteaks packed with flavor. A quick, satisfying stop for something hearty and casual.","Mon-Fri: 11am-8pm Sat 11am-8pm, Sun closed","/restaurants1/","","","","[""Fast Casual""]","[""American""]","[""Lunch"",""Dinner""]","[""Sandwiches""]","ChIJdc4qE0Tik4gRZtflu7iHWzc","[""In Review""]","[""In Review""]","[""In Review""]","[""In Review""]","[""In Review""]","[""In Review""]","[""Coming Soon""]","https://www.facebook.com/southofphilly30a","https://www.instagram.com/southofphilly30a/","[""Yes""]","[""Quick Service""]","South of Philly Quick Service Sandwiches American Fast Casual Gulf Place","1462cb68-0f47-4c37-88cc-d68881986267","2026-04-19T20:00:16Z","2026-05-09T12:20:25Z","de29ed44-ed1b-41d4-b93d-94f3e3c2dc4d","2026-04-19T20:00:16Z","","[""In Review""]"
"PUBLISHED","Crepes du Soleil","crepes-du-soleil-seaside","/restaurants/crepes-du-soleil","Seaside","seaside","Seaside | Airstream Row","Airstream Row","{""subdivisions"":[{""code"":""FL"",""name"":""Florida"",""type"":""ADMINISTRATIVE_AREA_LEVEL_1""},{""code"":""Walton County"",""name"":""Walton County"",""type"":""ADMINISTRATIVE_AREA_LEVEL_2""},{""code"":""Santa Rosa Beach"",""name"":""Santa Rosa Beach"",""type"":""ADMINISTRATIVE_AREA_LEVEL_3""},{""code"":""US"",""name"":""United States"",""type"":""COUNTRY""}],""city"":""Santa Rosa Beach"",""location"":{""latitude"":30.3194598,""longitude"":-86.1376636},""countryFullname"":""United States"",""streetAddress"":{""apt"":"""",""name"":""East County Highway 30A"",""number"":""2215""},""formatted"":""2215 E County Hwy 30A, Santa Rosa Beach, FL 32459, USA"",""country"":""US"",""postalCode"":""32459-6210"",""subdivision"":""FL""}","","https://www.crepesdusoleil.com/","$$","Crêpes du Soleil is an Airstream on Seaside’s row, with sweet and savory crepes for breakfast, lunch, dinner, and dessert.","Mon-Fri: Unknown Sat & Sun: Unknown","/restaurants1/","","","","[""Casual Dining""]","[""French""]","[""Breakfast"",""Lunch"",""Dinner"",""Desserts""]","[""Crepes"",""Dessert""]","ChIJyaqElzPlk4gRwUwvT9b_hYk","[""In Review""]","[""In Review""]","[""In Review""]","[""In Review""]","[""In Review""]","[""In Review""]","[""Coming Soon""]","https://www.facebook.com/CrepesDuSoleil","https://www.instagram.com/crepesdusoleil30a/","[""Yes""]","[""Food Truck""]","Crepes du Soleil Food Truck Crepes Dessert French Casual Dining Seaside","14aa1a7d-3169-4a83-8f8b-dc9d371142b7","2026-04-19T20:00:16Z","2026-05-09T12:20:25Z","de29ed44-ed1b-41d4-b93d-94f3e3c2dc4d","2026-04-19T20:00:16Z","","[""In Review""]"
"PUBLISHED","Stinky’s Fish Camp","stinkys-fish-camp-dune-allen-beach","/restaurants/stinky%E2%80%99s-fish-camp","Dune Allen Beach","dune-allen-beach","Dune Allen Beach","   ","{""subdivisions"":[{""code"":""FL"",""name"":""Florida"",""type"":""ADMINISTRATIVE_AREA_LEVEL_1""},{""code"":""Walton County"",""name"":""Walton County"",""type"":""ADMINISTRATIVE_AREA_LEVEL_2""},{""code"":""Santa Rosa Beach"",""name"":""Santa Rosa Beach"",""type"":""ADMINISTRATIVE_AREA_LEVEL_3""},{""code"":""US"",""name"":""United States"",""type"":""COUNTRY""}],""city"":""Santa Rosa Beach"",""location"":{""latitude"":30.354077,""longitude"":-86.2542217},""countryFullname"":""United States"",""streetAddress"":{""apt"":"""",""name"":""West County Highway 30A"",""number"":""5960""},""formatted"":""5960 W County Hwy 30A, Santa Rosa Beach, FL 32459, USA"",""country"":""US"",""postalCode"":""32459"",""subdivision"":""FL""}","(850) 267-3053","https://www.stinkysfishcamp.com/","$$","A 30A staple, Stinky’s Fish Camp serves up fresh Gulf seafood with a Southern twist in a fun, casual setting. Known for its oysters, daily specials, and local vibe, it’s a must-stop for lunch or dinner near Dune Allen Beach. Saturday and Sunday brunch is 10am to 3pm, then dinner until close. Hours and seasonal closings change.","Monday-Friday 11am to close. Saturday and Sunday 10am to close, with brunch 10am to 3pm and dinner 3pm to close. Hours and seasonal closings change.","/restaurants1/","wix:image://v1/11062b_f5c47c86872a427aa1d0ac1761968ffd~mv2.jpg/Black%20Heart%20Shape.jpg#originWidth=1856&originHeight=2464","wix:image://v1/de29ed_1a5c50c91a154838816cc7ea7b48a6c6~mv2.png/Stinkys%20header.png#originWidth=3202&originHeight=964","wix:image://v1/de29ed_29920b8a7db54505a77b6a647ed4a343~mv2.jpg/stinky-s-fish-camp.jpg#originWidth=500&originHeight=390","[""Casual Dining""]","[""Seafood"",""Southern""]","[""Lunch"",""Dinner""]","[""Oyster Bar""]","ChIJz82N1nXik4gRPtArVJ9K5-s","[""In Review""]","[""In Review""]","[""In Review""]","[""In Review""]","[""In Review""]","[""In Review""]","[""Coming Soon""]","https://www.facebook.com/stinkys/","https://www.instagram.com/stinkysfishcamp/","[""Yes""]","[""Restaurant""]","Stinky’s Fish Camp Restaurant Oyster Bar Seafood Southern Casual Dining Dune Allen Beach","1571e51b-fa9c-452f-9793-266b99400793","2026-04-19T20:00:16Z","2026-05-09T12:20:25Z","de29ed44-ed1b-41d4-b93d-94f3e3c2dc4d","2026-04-19T20:00:16Z","","[""In Review""]"
"PUBLISHED","George’s at Alys Beach","georges-at-alys-beach-alys-beach","/restaurants/georges-at-alys-beach","Alys Beach","alys-beach","Alys Beach","","{""subdivisions"":[{""code"":""FL"",""name"":""Florida"",""type"":""ADMINISTRATIVE_AREA_LEVEL_1""},{""code"":""Walton County"",""name"":""Walton County"",""type"":""ADMINISTRATIVE_AREA_LEVEL_2""},{""code"":""Alys Beach"",""name"":""Alys Beach"",""type"":""ADMINISTRATIVE_AREA_LEVEL_3""},{""code"":""US"",""name"":""United States"",""type"":""COUNTRY""}],""city"":""Alys Beach"",""location"":{""latitude"":30.2844135,""longitude"":-86.0271715},""countryFullname"":""United States"",""streetAddress"":{""apt"":"""",""name"":""North Castle Harbour Drive"",""number"":""30""},""formatted"":""30 N Castle Harbour Dr., Alys Beach, FL 32461, USA"",""country"":""US"",""postalCode"":""32461"",""subdivision"":""FL""}","(850) 641-0017","https://georgesatalysbeach.com/","$$$","George’s at Alys Beach delivers refined coastal cuisine in an elegant setting. A standout dining experience.","Mon-Fri: 11am-3pm & 5pm-9pm Sat & Sun: 11am-3pm & 5pm-9pm","/restaurants1/","","","","[""Upscale"",""Romantic""]","[""American"",""Seafood""]","[""Lunch"",""Dinner""]","[""Bistro""]","ChIJZVbqKODxk4gRerQICuD3Td4","[""In Review""]","[""In Review""]","[""In Review""]","[""Yes""]","[""In Review""]","[""No""]","[""Coming Soon""]","https://www.facebook.com/GeorgesAtAlys/#","https://www.instagram.com/georgesatalysbeach/","[""Yes""]","[""Restaurant""]","George’s at Alys Beach Restaurant Bistro American Seafood Upscale Romantic Alys Beach","17a4cdd2-e7fd-4392-812d-0301615b8f78","2026-04-19T20:00:16Z","2026-05-09T12:20:25Z","de29ed44-ed1b-41d4-b93d-94f3e3c2dc4d","2026-04-19T20:00:16Z","","[""Yes""]"
"PUBLISHED","Johnny McTighe’s Irish Pub","johnny-mctighes-irish-pub-dune-allen-beach","/restaurants/johnny-mctighes-irish-pub","Blue Mountain Beach","blue-mountain-beach","Blue Mountain Beach","","{""subdivisions"":[{""code"":""FL"",""name"":""Florida"",""type"":""ADMINISTRATIVE_AREA_LEVEL_1""},{""code"":""Walton County"",""name"":""Walton County"",""type"":""ADMINISTRATIVE_AREA_LEVEL_2""},{""code"":""Santa Rosa Beach"",""name"":""Santa Rosa Beach"",""type"":""ADMINISTRATIVE_AREA_LEVEL_3""},{""code"":""US"",""name"":""United States"",""type"":""COUNTRY""}],""city"":""Santa Rosa Beach"",""location"":{""latitude"":30.34105109999999,""longitude"":-86.20402059999999},""countryFullname"":""United States"",""streetAddress"":{""apt"":"""",""name"":""West County Highway 30A"",""number"":""2298""},""formatted"":""2298 W County Hwy 30A, Santa Rosa Beach, FL 32459, USA"",""country"":""US"",""postalCode"":""32459-5164"",""subdivision"":""FL""}","(850) 267-0101","https://johnnymctighes.com/","$$","Johnny McTighe’s Irish Pub brings hearty comfort food, cold pints, and a welcoming neighborhood vibe to Blue Mountain Beach. Happy hour is 3pm-6pm Monday through Saturday.","Mon-Fri: 11am-2am Sat & Sun: 11am-2am","/restaurants1/","","","","[""Irish Pub"",""Bar""]","[""American"",""Irish""]","[""Lunch"",""Dinner""]","[""Sandwiches""]","ChIJC-3S16Xjk4gRtKyRvuNcQ8Q","[""Yes""]","[""In Review""]","[""In Review""]","[""Yes""]","[""In Review""]","[""In Review""]","[""Coming Soon""]","","https://www.instagram.com/johnnymctighes/","[""Yes""]","[""Bar & Restaurant""]","Johnny McTighe’s Irish Pub Bar Restaurant Sandwiches American Irish Pub Bar Blue Mountain Beach Beach","18f8cb1b-bea9-4aab-a7aa-56d3af81220e","2026-04-19T20:00:16Z","2026-09-30T14:00:00Z","de29ed44-ed1b-41d4-b93d-94f3e3c2dc4d","2026-04-19T20:00:16Z","","[""In Review""]"
"PUBLISHED","Pickle’s Burger and Shake","pickles-burger-and-shake-seaside","/restaurants/pickles-burger-and-shake","Seaside","seaside","Seaside | Town Center","Town Center","{""subdivisions"":[{""code"":""FL"",""name"":""Florida"",""type"":""ADMINISTRATIVE_AREA_LEVEL_1""},{""code"":""Walton County"",""name"":""Walton County"",""type"":""ADMINISTRATIVE_AREA_LEVEL_2""},{""code"":""Santa Rosa Beach"",""name"":""Santa Rosa Beach"",""type"":""ADMINISTRATIVE_AREA_LEVEL_3""},{""code"":""US"",""name"":""United States"",""type"":""COUNTRY""}],""city"":""Santa Rosa Beach"",""location"":{""latitude"":30.31949869999999,""longitude"":-86.1375491},""countryFullname"":""United States"",""streetAddress"":{""apt"":""34"",""name"":""East County Highway 30A"",""number"":""2236""},""formatted"":""2236 E County Hwy 30A #34, Santa Rosa Beach, FL 32459, USA"",""country"":""US"",""postalCode"":""32459-6210"",""subdivision"":""FL""}","(850) 231-9060","https://www.picklesseasidefl.com/","$$","Pickle’s Burger and Shake serves classic burgers and shakes in a fun, casual environment. A family-friendly favorite. Hours and seasonal closings change.","Mon-Fri: 8am-9pm Sat & Sun: 8am-9pm. Hours and seasonal closings change.","/restaurants1/","","","","[""Casual Dining""]","[""American""]","[""Breakfast"",""Lunch"",""Dinner""]","[""Burgers""]","ChIJcwR9FOPkk4gR8GqxYQe6Zf8","[""In Review""]","[""In Review""]","[""In Review""]","[""In Review""]","[""In Review""]","[""In Review""]","[""Coming Soon""]","https://www.facebook.com/profile.php?id=100065086957340","https://www.instagram.com/pickles_seaside/","[""Yes""]","[""Restaurant""]","Pickle’s Burger and Shake Restaurant Burgers American Casual Dining Seaside","1a59b7e5-b978-42ad-9d4e-dc8b69634f6d","2026-04-19T20:00:16Z","2026-05-09T12:20:25Z","de29ed44-ed1b-41d4-b93d-94f3e3c2dc4d","2026-04-19T20:00:16Z","","[""In Review""]"
"UNPUBLISHED","Vue on 30A","vue-on-30a-dune-allen-beach","/restaurants/vue-on-30a","Dune Allen Beach","dune-allen-beach","Dune Allen Beach","","{""subdivisions"":[{""code"":""FL"",""name"":""Florida"",""type"":""ADMINISTRATIVE_AREA_LEVEL_1""},{""code"":""Walton County"",""name"":""Walton County"",""type"":""ADMINISTRATIVE_AREA_LEVEL_2""},{""code"":""Santa Rosa Beach"",""name"":""Santa Rosa Beach"",""type"":""ADMINISTRATIVE_AREA_LEVEL_3""},{""code"":""US"",""name"":""United States"",""type"":""COUNTRY""}],""city"":""Santa Rosa Beach"",""location"":{""latitude"":30.3482891,""longitude"":-86.2363701},""countryFullname"":""United States"",""streetAddress"":{""apt"":"""",""name"":""West County Highway 30A"",""number"":""4801""},""formatted"":""4801 W County Hwy 30A, Santa Rosa Beach, FL 32459, USA"",""country"":""US"",""postalCode"":""32459-4328"",""subdivision"":""FL""}","(850) 267-1240","https://www.vueon30a.com/","$$$","Perched high above the Gulf, Vue on 30A delivers stunning views alongside an elevated dining experience. With fresh seafood and steaks, it’s ideal for a romantic night out. Permanently closed September 14, 2026.","Tue-Fri 11am-2:30pm & 5pm-9pm, Mon closed Sat 11am-2:30pm & 5pm-9pm, Sun closed","/restaurants1/","","","","[""Fine Dining"",""Waterfront"",""Romantic""]","[""American"",""Seafood""]","[""Lunch"",""Dinner""]","[""Steak""]","ChIJ_c-CokLik4gRfWb9zerikoM","[""Yes""]","[""No""]","[""No""]","[""Yes""]","[""In Review""]","[""Yes""]","[""Coming Soon""]","https://www.facebook.com/vueon30a","https://www.instagram.com/vueon30a/","[""No""]","[""Restaurant""]","Vue on 30A Restaurant Steak American Seafood Fine Dining Waterfront Romantic Dune Allen Beach","1f570810-c683-4a1a-aa00-a293b48b9e3a","2026-04-19T20:00:16Z","2026-09-30T12:00:00Z","de29ed44-ed1b-41d4-b93d-94f3e3c2dc4d","2026-04-19T20:00:16Z","2026-09-14T00:00:00Z","[""In Review""]"
"PUBLISHED","Bruno’s Pizza","brunos-pizza-watersound","/restaurants/bruno%E2%80%99s-pizza","Watersound","watersound","Watersound","","{""subdivisions"":[{""code"":""FL"",""name"":""Florida"",""type"":""ADMINISTRATIVE_AREA_LEVEL_1""},{""code"":""Walton County"",""name"":""Walton County"",""type"":""ADMINISTRATIVE_AREA_LEVEL_2""},{""code"":""Watersound"",""name"":""Watersound"",""type"":""ADMINISTRATIVE_AREA_LEVEL_3""},{""code"":""US"",""name"":""United States"",""type"":""COUNTRY""}],""city"":""Watersound"",""location"":{""latitude"":30.3028741,""longitude"":-86.06906099999999},""countryFullname"":""United States"",""streetAddress"":{""apt"":"""",""name"":""East County Highway 30A"",""number"":""6652""},""formatted"":""6652 E County Hwy 30A, Watersound, FL 32461, USA"",""country"":""US"",""postalCode"":""32461"",""subdivision"":""FL""}","(850) 231-1699","http://brunospizza30a.com","$$","Bruno’s Pizza delivers classic pies in a casual environment. A dependable pizza spot.","Mon-Fri: Unknown Sat & Sun: Unknown","/restaurants1/","","","","[""Casual Dining""]","[""Italian""]","[""Lunch"",""Dinner""]","[""Pizza""]","ChIJTRDutxTlk4gR2DBgW3GFvC8","[""In Review""]","[""In Review""]","[""In Review""]","[""In Review""]","[""In Review""]","[""In Review""]","[""Coming Soon""]","https://www.facebook.com/BrunosPizza30a","https://www.instagram.com/brunospizza30a/","[""Yes""]","[""Restaurant""]","Bruno’s Pizza Restaurant Pizza Italian Casual Dining Watersound","21f87db1-d493-4766-81a3-d5914a1017ec","2026-04-19T20:00:16Z","2026-05-09T12:20:25Z","de29ed44-ed1b-41d4-b93d-94f3e3c2dc4d","2026-04-19T20:00:16Z","","[""In Review""]"
"PUBLISHED","Seagrove Coffee & Donuts","seagrove-coffee-and-donuts-seagrove-beach","/restaurants/seagrove-coffee-%26-donuts","Seagrove Beach","seagrove-beach","Seagrove Beach","","{""subdivisions"":[{""code"":""FL"",""name"":""Florida"",""type"":""ADMINISTRATIVE_AREA_LEVEL_1""},{""code"":""Walton County"",""name"":""Walton County"",""type"":""ADMINISTRATIVE_AREA_LEVEL_2""},{""code"":""Santa Rosa Beach"",""name"":""Santa Rosa Beach"",""type"":""ADMINISTRATIVE_AREA_LEVEL_3""},{""code"":""US"",""name"":""United States"",""type"":""COUNTRY""}],""city"":""Santa Rosa Beach"",""location"":{""latitude"":30.3121525,""longitude"":-86.1149664},""countryFullname"":""United States"",""streetAddress"":{""apt"":""Ste 9"",""name"":""East County Highway 30A"",""number"":""3723""},""formatted"":""3723 E County Hwy 30A Ste 9, Santa Rosa Beach, FL 32459, USA"",""country"":""US"",""postalCode"":""32459-7486"",""subdivision"":""FL""}","(850) 660-5198","https://www.seagrovecoffeedonuts.com/","$","Seagrove Coffee & Donuts is perfect for coffee and breakfast on the go. A quick and easy stop.","Mon-Fri: 6:30am-9pm Sat & Sun: 6:30am-9pm","/restaurants1/","","","","[""Casual Dining""]","[""American"",""Cafe""]","[""Breakfast""]","[""Coffee"",""Donuts""]","ChIJvV6umOflk4gR8lRbF-8iJa8","[""In Review""]","[""In Review""]","[""In Review""]","[""In Review""]","[""In Review""]","[""In Review""]","[""Coming Soon""]","","https://www.instagram.com/seagrovecoffee/","[""Yes""]","[""Cafe / Coffee""]","Seagrove Coffee & Donuts Cafe Coffee Coffee Donuts American Casual Dining Seagrove Beach","221beb20-89a3-4f16-a3c0-2e367eab5d4f","2026-04-19T20:00:16Z","2026-05-09T12:20:25Z","de29ed44-ed1b-41d4-b93d-94f3e3c2dc4d","2026-04-19T20:00:16Z","","[""In Review""]"
"PUBLISHED","Restaurant Paradis","restaurant-paradis-rosemary-beach","/restaurants/restaurant-paradis","Rosemary Beach","rosemary-beach","Rosemary Beach","","{""subdivisions"":[{""code"":""FL"",""name"":""Florida"",""type"":""ADMINISTRATIVE_AREA_LEVEL_1""},{""code"":""Walton County"",""name"":""Walton County"",""type"":""ADMINISTRATIVE_AREA_LEVEL_2""},{""code"":""Rosemary Beach"",""name"":""Rosemary Beach"",""type"":""ADMINISTRATIVE_AREA_LEVEL_3""},{""code"":""US"",""name"":""United States"",""type"":""COUNTRY""}],""city"":""Rosemary Beach"",""location"":{""latitude"":30.2795633,""longitude"":-86.0159353},""countryFullname"":""United States"",""streetAddress"":{""apt"":"""",""name"":""South Barrett Square"",""number"":""82""},""formatted"":""82 S Barrett Square, Rosemary Beach, FL 32461, USA"",""country"":""US"",""postalCode"":""32461"",""subdivision"":""FL""}","(850) 534-0400","https://restaurantparadis.com/","$$$","Restaurant Paradis offers fine dining with an elegant menu. Ideal for special occasions.","Mon-Thu 5pm-9pm, Fri 5pm-10pm Sat 5pm-10pm, Sun 5pm-9pm","/restaurants1/","","","","[""Fine Dining"",""Romantic""]","[""American"",""Seafood""]","[""Lunch"",""Dinner""]","[""Steak""]","ChIJAbUTkP7xk4gRC1cf83HHdsA","[""In Review""]","[""Yes""]","[""In Review""]","[""Yes""]","[""In Review""]","[""Yes""]","[""Coming Soon""]","https://www.facebook.com/ParadisChics","https://www.instagram.com/restaurantparadis/","[""No""]","[""Restaurant""]","Restaurant Paradis Restaurant Steak American Seafood Fine Dining Romantic Rosemary Beach","24269068-860b-4132-bf44-af42b0748943","2026-04-19T20:00:16Z","2026-09-30T14:00:00Z","de29ed44-ed1b-41d4-b93d-94f3e3c2dc4d","2026-04-19T20:00:16Z","","[""In Review""]"
"PUBLISHED","Sugar Shak","sugar-shak-rosemary-beach","/restaurants/sugar-shak","Rosemary Beach","rosemary-beach","Rosemary Beach","","{""subdivisions"":[{""code"":""FL"",""name"":""Florida"",""type"":""ADMINISTRATIVE_AREA_LEVEL_1""},{""code"":""Walton County"",""name"":""Walton County"",""type"":""ADMINISTRATIVE_AREA_LEVEL_2""},{""code"":""Rosemary Beach"",""name"":""Rosemary Beach"",""type"":""ADMINISTRATIVE_AREA_LEVEL_3""},{""code"":""Inlet Beach"",""name"":""Inlet Beach"",""type"":""ADMINISTRATIVE_AREA_LEVEL_4""},{""code"":""US"",""name"":""United States"",""type"":""COUNTRY""}],""city"":""Rosemary Beach"",""location"":{""latitude"":30.2792423,""longitude"":-86.01635030000001},""countryFullname"":""United States"",""streetAddress"":{""apt"":""suite 2a"",""name"":""Main Street"",""number"":""5""},""formatted"":""5 Main St suite 2a, Rosemary Beach, FL 32461, USA"",""country"":""US"",""postalCode"":""32461"",""subdivision"":""FL""}","(850) 231-3655","","$","Sugar Shak offers sweet treats in a casual setting. Perfect for dessert.","Mon-Fri: 10am-10pm Sat & Sun: 10am-10pm","/restaurants1/","","","","[""Casual Dining""]","[""American"",""Dessert""]","[""Desserts""]","[""Ice Cream"",""Dessert""]","ChIJhY6rkf7xk4gRM_xwtW_iC58","[""In Review""]","[""In Review""]","[""In Review""]","[""In Review""]","[""In Review""]","[""In Review""]","[""Coming Soon""]","https://www.facebook.com/TheSugarShak","https://www.instagram.com/sugarshak30a/","[""Yes""]","[""Dessert""]","Sugar Shak Dessert Ice Cream Dessert American Casual Dining Rosemary Beach","246166b4-7726-465d-84ed-d800d4054939","2026-04-19T20:00:16Z","2026-09-30T14:00:00Z","de29ed44-ed1b-41d4-b93d-94f3e3c2dc4d","2026-04-19T20:00:16Z","","[""In Review""]"
"PUBLISHED","The Perfect Pig","the-perfect-pig-gulf-place","/restaurants/the-perfect-pig","Gulf Place","gulf-place","Gulf Place","","{""subdivisions"":[{""code"":""FL"",""name"":""Florida"",""type"":""ADMINISTRATIVE_AREA_LEVEL_1""},{""code"":""Walton County"",""name"":""Walton County"",""type"":""ADMINISTRATIVE_AREA_LEVEL_2""},{""code"":""Santa Rosa Beach"",""name"":""Santa Rosa Beach"",""type"":""ADMINISTRATIVE_AREA_LEVEL_3""},{""code"":""US"",""name"":""United States"",""type"":""COUNTRY""}],""city"":""Santa Rosa Beach"",""location"":{""latitude"":30.3480433,""longitude"":-86.2303397},""countryFullname"":""United States"",""streetAddress"":{""apt"":"""",""name"":""Town Center Loop"",""number"":""7""},""formatted"":""7 Town Center Loop, Santa Rosa Beach, FL 32459, USA"",""country"":""US"",""postalCode"":""32459"",""subdivision"":""FL""}","(850) 660-1591","https://www.theperfectpig.com/","$$","The Perfect Pig blends Southern comfort and coastal flavors with standout breakfast, brunch, and smoked meats. A versatile dining spot all day long.","Daily 8am-9pm","/restaurants1/","","","","[""Casual Dining""]","[""American"",""Southern""]","[""Breakfast"",""Lunch"",""Dinner""]","[""Breakfast Spot"",""Sandwiches""]","ChIJ1RRSHWHlk4gRHMqmZjCg6L4","[""Yes""]","[""In Review""]","[""In Review""]","[""In Review""]","[""In Review""]","[""Yes""]","[""Coming Soon""]","https://www.facebook.com/ThePerfectPig","https://www.instagram.com/theperfectpig30a/","[""Yes""]","[""Restaurant""]","The Perfect Pig Restaurant Breakfast Spot Sandwiches American Southern Casual Dining Gulf Place","24f771c1-2fe8-4904-a2b8-e59867557e50","2026-04-19T20:00:16Z","2026-09-30T12:00:00Z","de29ed44-ed1b-41d4-b93d-94f3e3c2dc4d","2026-04-19T20:00:16Z","","[""In Review""]"
"PUBLISHED","Kilwins","kilwins-rosemary-beach","/restaurants/kilwins","Rosemary Beach","rosemary-beach","Rosemary Beach","","{""subdivisions"":[{""code"":""FL"",""name"":""Florida"",""type"":""ADMINISTRATIVE_AREA_LEVEL_1""},{""code"":""Walton County"",""name"":""Walton County"",""type"":""ADMINISTRATIVE_AREA_LEVEL_2""},{""code"":""Rosemary Beach"",""name"":""Rosemary Beach"",""type"":""ADMINISTRATIVE_AREA_LEVEL_3""},{""code"":""US"",""name"":""United States"",""type"":""COUNTRY""}],""city"":""Rosemary Beach"",""location"":{""latitude"":30.2809614,""longitude"":-86.0153472},""countryFullname"":""United States"",""streetAddress"":{""apt"":"""",""name"":""Georgetown Avenue"",""number"":""8""},""formatted"":""8 Georgetown Ave, Rosemary Beach, FL 32461, USA"",""country"":""US"",""postalCode"":""32461"",""subdivision"":""FL""}","(850) 399-4000","https://www.kilwins.com/","$","Kilwins serves ice cream and sweets in a fun, casual environment. A classic dessert stop.","Mon-Fri: 11am-10pm Sat & Sun: 11am-10pm","/restaurants1/","","","","[""Casual Dining""]","[""American"",""Dessert""]","[""Desserts""]","[""Ice Cream""]","ChIJFZveKJ_xk4gR78kewmV1a0E","[""In Review""]","[""In Review""]","[""In Review""]","[""In Review""]","[""In Review""]","[""In Review""]","[""Coming Soon""]","https://www.facebook.com/Kilwins/","https://www.instagram.com/kilwins/","[""Yes""]","[""Dessert""]","Kilwins Dessert Ice Cream Desserts American Casual Dining Rosemary Beach","260f4ac6-025c-4e79-98df-7f566d43bc13","2026-04-19T20:00:16Z","2026-09-30T12:00:00Z","de29ed44-ed1b-41d4-b93d-94f3e3c2dc4d","2026-04-19T20:00:16Z","","[""In Review""]"
"PUBLISHED","The Summer Kitchen Café","the-summer-kitchen-cafe-rosemary-beach","/restaurants/the-summer-kitchen-cafe","Rosemary Beach","rosemary-beach","Rosemary Beach","","{""subdivisions"":[{""code"":""FL"",""name"":""Florida"",""type"":""ADMINISTRATIVE_AREA_LEVEL_1""},{""code"":""Walton County"",""name"":""Walton County"",""type"":""ADMINISTRATIVE_AREA_LEVEL_2""},{""code"":""Rosemary Beach"",""name"":""Rosemary Beach"",""type"":""ADMINISTRATIVE_AREA_LEVEL_3""},{""code"":""Inlet Beach"",""name"":""Inlet Beach"",""type"":""ADMINISTRATIVE_AREA_LEVEL_4""},{""code"":""US"",""name"":""United States"",""type"":""COUNTRY""}],""city"":""Rosemary Beach"",""location"":{""latitude"":30.2788398,""longitude"":-86.0172992},""countryFullname"":""United States"",""streetAddress"":{""apt"":"""",""name"":""Main Street"",""number"":""78""},""formatted"":""78 Main St, Rosemary Beach, FL 32461, USA"",""country"":""US"",""postalCode"":""32461"",""subdivision"":""FL""}","(850) 213-0521","https://www.summerkitchencafe.com/","$$","The Summer Kitchen Café was Rosemary Beach’s first restaurant. It is in the red building under the Rosemary Beach Inn on Main Street, with breakfast and lunch daily from 7:30am to 3pm.","Mon-Fri: 7:30am-3pm Sat & Sun: 7:30am-3pm","/restaurants1/","","","","[""Casual Dining""]","[""American"",""Cafe""]","[""Breakfast"",""Lunch""]","[""Cafe"",""Sandwiches""]","ChIJ76E3Wv7xk4gRtGdY7ld_QAg","[""In Review""]","[""In Review""]","[""In Review""]","[""In Review""]","[""In Review""]","[""In Review""]","[""Coming Soon""]","https://www.facebook.com/summerkitchencafe","https://www.instagram.com/thesummerkitchencafe/","[""Yes""]","[""Restaurant""]","The Summer Kitchen Café Restaurant Cafe Sandwiches American Casual Dining Rosemary Beach","2647eb2d-8b0c-4669-adf9-1e5178a76cf9","2026-04-19T20:00:16Z","2026-09-30T14:00:00Z","de29ed44-ed1b-41d4-b93d-94f3e3c2dc4d","2026-04-19T20:00:16Z","","[""In Review""]"
"PUBLISHED","3rd Cup","3rd-cup-rosemary-beach","/restaurants/3rd-cup","Rosemary Beach","rosemary-beach","Rosemary Beach","","{""subdivisions"":[{""code"":""FL"",""name"":""Florida"",""type"":""ADMINISTRATIVE_AREA_LEVEL_1""},{""code"":""Walton County"",""name"":""Walton County"",""type"":""ADMINISTRATIVE_AREA_LEVEL_2""},{""code"":""Rosemary Beach"",""name"":""Rosemary Beach"",""type"":""ADMINISTRATIVE_AREA_LEVEL_3""},{""code"":""US"",""name"":""United States"",""type"":""COUNTRY""}],""city"":""Rosemary Beach"",""location"":{""latitude"":30.2793121,""longitude"":-86.0163142},""countryFullname"":""United States"",""streetAddress"":{""apt"":"""",""name"":""Main Street"",""number"":""3""},""formatted"":""3 Main St, Rosemary Beach, FL 32461, USA"",""country"":""US"",""postalCode"":""32461"",""subdivision"":""FL""}","(850) 231-8858","https://3rdcup.com/","$","3rd Cup is a cozy coffee shop perfect for a morning stop. Relaxed and welcoming.","Sun-Fri 6:30am-3pm Sat 6:30am-5pm, Sun 6:30am-3pm","/restaurants1/","","","","[""Casual Dining""]","[""American"",""Cafe""]","[""Breakfast""]","[""Coffee"",""Cafe""]","ChIJ-39sYk7xk4gRDzMy9n33QsU","[""In Review""]","[""In Review""]","[""In Review""]","[""In Review""]","[""In Review""]","[""In Review""]","[""Coming Soon""]","","https://www.instagram.com/3rdcup30a/","[""Yes""]","[""Cafe / Coffee""]","3rd Cup Cafe Coffee Coffee Cafe American Casual Dining Rosemary Beach","26f5a7fa-2f98-456e-822b-ca824ef684b1","2026-04-19T20:00:16Z","2026-09-30T12:00:00Z","de29ed44-ed1b-41d4-b93d-94f3e3c2dc4d","2026-04-19T20:00:16Z","","[""In Review""]"
"PUBLISHED","Gallion’s","gallions-rosemary-beach","/restaurants/gallions","Rosemary Beach","rosemary-beach","Rosemary Beach","","{""subdivisions"":[{""code"":""FL"",""name"":""Florida"",""type"":""ADMINISTRATIVE_AREA_LEVEL_1""},{""code"":""Walton County"",""name"":""Walton County"",""type"":""ADMINISTRATIVE_AREA_LEVEL_2""},{""code"":""Rosemary Beach"",""name"":""Rosemary Beach"",""type"":""ADMINISTRATIVE_AREA_LEVEL_3""},{""code"":""US"",""name"":""United States"",""type"":""COUNTRY""}],""city"":""Rosemary Beach"",""location"":{""latitude"":30.2806646,""longitude"":-86.01635569999999},""countryFullname"":""United States"",""streetAddress"":{""apt"":""Unit C"",""name"":""North Barrett Square"",""number"":""104""},""formatted"":""104 N Barrett Square Unit C, Rosemary Beach, FL 32413, USA"",""country"":""US"",""postalCode"":""32413"",""subdivision"":""FL""}","(850) 399-4909","https://gallions30a.com/?utm_source=eatingon30a&utm_medium=referral","$$$","Gallion’s is the oyster and seafood room on Barrett Square in Rosemary Beach.

See the current [menu](https://gallions30a.com/?utm_source=eatingon30a&utm_medium=referral), [hours](https://gallions30a.com/?utm_source=eatingon30a&utm_medium=referral), and [events](https://gallions30a.com/?utm_source=eatingon30a&utm_medium=referral).","Check website for hours","/restaurants1/","/images/restaurants/gallions-rosemary-beach/01.jpg","/images/restaurants/gallions-rosemary-beach/01.jpg","","[""Upscale""]","[""Seafood""]","[""Lunch"",""Dinner""]","[""Oyster Bar""]","ChIJT2BqQ4vxk4gRZMzMPfTBdM4","[""In Review""]","[""In Review""]","[""In Review""]","[""Yes""]","[""In Review""]","[""Yes""]","[""Coming Soon""]","https://www.facebook.com/Gallions30A","https://www.instagram.com/gallions30a/","[""No""]","[""Bar & Restaurant""]","Gallion’s Bar Restaurant Oyster Bar Seafood Upscale Rosemary Beach","2a2d9f35-f802-4a23-b55e-e4c1de4a5ca5","2026-04-19T20:00:16Z","2026-10-05T15:00:00Z","de29ed44-ed1b-41d4-b93d-94f3e3c2dc4d","2026-04-19T20:00:16Z","","[""In Review""]"
"PUBLISHED","Growler Garage 30A","growler-garage-30a-dune-allen-beach","/restaurants/growler-garage-30a","Gulf Place","gulf-place","Gulf Place","","{""subdivisions"":[{""code"":""FL"",""name"":""Florida"",""type"":""ADMINISTRATIVE_AREA_LEVEL_1""},{""code"":""Walton County"",""name"":""Walton County"",""type"":""ADMINISTRATIVE_AREA_LEVEL_2""},{""code"":""Santa Rosa Beach"",""name"":""Santa Rosa Beach"",""type"":""ADMINISTRATIVE_AREA_LEVEL_3""},{""code"":""US"",""name"":""United States"",""type"":""COUNTRY""}],""city"":""Santa Rosa Beach"",""location"":{""latitude"":30.34733069999999,""longitude"":-86.2293839},""countryFullname"":""United States"",""streetAddress"":{""apt"":""Suite 101"",""name"":""West County Highway 30A"",""number"":""4368""},""formatted"":""4368 W County Hwy 30A Suite 101, Santa Rosa Beach, FL 32459, USA"",""country"":""US"",""postalCode"":""32459-8777"",""subdivision"":""FL""}","(850) 660-1965","https://growlergarage30a.com/","$$","Growler Garage is a craft-beer taproom in Gulf Place, across from the Ed Walline beach access, with growlers to go.","Mon 2pm-7pm, Tue-Wed 12pm-7pm, Thu-Fri 12pm-8pm Sat 12pm-8pm, Sun 12pm-6pm","/restaurants1/","","","","[""Bar""]","[""American""]","[""Lunch"",""Dinner""]","[]","ChIJnQuvzETik4gRC8BAN9ThmEY","[""In Review""]","[""In Review""]","[""In Review""]","[""In Review""]","[""In Review""]","[""In Review""]","[""Coming Soon""]","https://www.facebook.com/GrowlerGarage30A","https://www.instagram.com/growlergarage30a/","[""Yes""]","[""Bar & Restaurant""]","Growler Garage 30A Bar Restaurant Sandwiches American Bar Dune Allen Beach","2d220505-2762-4a94-a874-a940bb382b76","2026-04-19T20:00:16Z","2026-05-09T12:20:25Z","de29ed44-ed1b-41d4-b93d-94f3e3c2dc4d","2026-04-19T20:00:16Z","","[""In Review""]"
"PUBLISHED","Wild Bill’s Beach Dogs","wild-bills-beach-dogs-seaside","/restaurants/wild-bills-beach-dogs","Seaside","seaside","Seaside | Airstream Row","Airstream Row","{""subdivisions"":[{""code"":""FL"",""name"":""Florida"",""type"":""ADMINISTRATIVE_AREA_LEVEL_1""},{""code"":""Walton County"",""name"":""Walton County"",""type"":""ADMINISTRATIVE_AREA_LEVEL_2""},{""code"":""Santa Rosa Beach"",""name"":""Santa Rosa Beach"",""type"":""ADMINISTRATIVE_AREA_LEVEL_3""},{""code"":""US"",""name"":""United States"",""type"":""COUNTRY""}],""city"":""Santa Rosa Beach"",""location"":{""latitude"":30.3194598,""longitude"":-86.1376636},""countryFullname"":""United States"",""streetAddress"":{""apt"":"""",""name"":""East County Highway 30A"",""number"":""2235""},""formatted"":""2235 E County Hwy 30A, Santa Rosa Beach, FL 32459, USA"",""country"":""US"",""postalCode"":""32459-6210"",""subdivision"":""FL""}","(850) 231-0802","https://www.wildbillsseasidefl.com/","$","Wild Bill’s Beach Dogs is an Airstream on Seaside’s row, serving wagyu hot dogs and opening at 8am with kolaches. Hours and seasonal closings change.","Mon-Fri: 8am-8pm Sat & Sun: 8am-8pm. Hours and seasonal closings change.","/restaurants1/","","","","[""Casual Dining""]","[""American""]","[""Breakfast"",""Lunch"",""Dinner""]","[""Hot Dogs""]","ChIJFT41FuPkk4gR273tlEIKWbQ","[""In Review""]","[""In Review""]","[""In Review""]","[""In Review""]","[""In Review""]","[""In Review""]","[""Coming Soon""]","","https://www.instagram.com/wildbillsbeachdogs/","[""Yes""]","[""Food Truck""]","Wild Bill’s Beach Dogs Food Truck Hot Dogs American Casual Dining Seaside","2e47a6e9-7b61-47a9-a219-f7a59bee5a8d","2026-04-19T20:00:16Z","2026-05-09T12:20:25Z","de29ed44-ed1b-41d4-b93d-94f3e3c2dc4d","2026-04-19T20:00:16Z","","[""In Review""]"
"PUBLISHED","Beach & Brew on 30A","beach-and-brew-on-30a-seacrest","/restaurants/beach-%26-brew-on-30a","Seacrest","seacrest","Seacrest Beach","","{""subdivisions"":[{""code"":""FL"",""name"":""Florida"",""type"":""ADMINISTRATIVE_AREA_LEVEL_1""},{""code"":""Walton County"",""name"":""Walton County"",""type"":""ADMINISTRATIVE_AREA_LEVEL_2""},{""code"":""Rosemary Beach"",""name"":""Rosemary Beach"",""type"":""ADMINISTRATIVE_AREA_LEVEL_3""},{""code"":""Inlet Beach"",""name"":""Inlet Beach"",""type"":""ADMINISTRATIVE_AREA_LEVEL_4""},{""code"":""US"",""name"":""United States"",""type"":""COUNTRY""}],""city"":""Rosemary Beach"",""location"":{""latitude"":30.2816635,""longitude"":-86.0196426},""countryFullname"":""United States"",""streetAddress"":{""apt"":"""",""name"":""East County Highway 30A"",""number"":""10343""},""formatted"":""10343 E County Hwy 30A, Inlet Beach, FL 32461, USA"",""country"":""US"",""postalCode"":""32461"",""subdivision"":""FL""}","(850) 534-0844","https://www.beachandbrew30a.com/","$","Beach & Brew provides coffee and light bites in a relaxed setting. A simple stop for breakfast.","Mon-Fri 2pm-10pm Sat & Sun: 10am-10pm","/restaurants1/","","","","[""Grab & Go""]","[""American"",""Cafe""]","[""Lunch"",""Dinner""]","[""Coffee"",""Cafe""]","ChIJWyREpSvxk4gRhvhJejLqwdI","[""In Review""]","[""In Review""]","[""In Review""]","[""In Review""]","[""In Review""]","[""In Review""]","[""Coming Soon""]","https://www.facebook.com/beachandbrew30A/","https://www.instagram.com/beachandbrew30a/","[""Yes""]","[""Cafe / Coffee""]","Beach & Brew on 30A Cafe Coffee Coffee Cafe American Grab Go Seacrest","2ecb8917-d180-454e-b0e5-f751ce813880","2026-04-19T20:00:16Z","2026-05-09T12:20:25Z","de29ed44-ed1b-41d4-b93d-94f3e3c2dc4d","2026-04-19T20:00:16Z","","[""In Review""]"
"PUBLISHED","Prema Organic Café","prema-organic-cafe-seagrove-beach","/restaurants/prema-organic-cafe","Seagrove Beach","seagrove-beach","Seagrove Beach","","{""subdivisions"":[{""code"":""FL"",""name"":""Florida"",""type"":""ADMINISTRATIVE_AREA_LEVEL_1""},{""code"":""Walton County"",""name"":""Walton County"",""type"":""ADMINISTRATIVE_AREA_LEVEL_2""},{""code"":""Santa Rosa Beach"",""name"":""Santa Rosa Beach"",""type"":""ADMINISTRATIVE_AREA_LEVEL_3""},{""code"":""US"",""name"":""United States"",""type"":""COUNTRY""}],""city"":""Santa Rosa Beach"",""location"":{""latitude"":30.3147452,""longitude"":-86.1227498},""countryFullname"":""United States"",""streetAddress"":{""apt"":"""",""name"":""South Andalusia Avenue"",""number"":""100""},""formatted"":""100 S Andalusia Ave, Santa Rosa Beach, FL 32459, USA"",""country"":""US"",""postalCode"":""32459-6394"",""subdivision"":""FL""}","(850) 213-3023","https://prema30a.com/","$$","Prema Organic Café serves organic bowls, juices, and coffee in Seagrove.","Mon-Fri: 7:30am-2pm Sat & Sun: 7:30am-2pm","/restaurants1/","","","","[""Casual Dining""]","[""American"",""Cafe""]","[""Breakfast"",""Lunch""]","[""Cafe"",""Juice & Bowls"",""Smoothies""]","ChIJL_kqEDTlk4gRLhMGnWNcfXw","[""In Review""]","[""In Review""]","[""In Review""]","[""Yes""]","[""In Review""]","[""In Review""]","[""Coming Soon""]","https://www.facebook.com/premacafe30a","https://www.instagram.com/premaorganiccafe/","[""Yes""]","[""Cafe / Coffee""]","Prema Organic Café Cafe Coffee Cafe Juice Bowls Smoothies American Casual Dining Seagrove Beach","3162ed5a-dbbc-4fae-b241-7c41eac5dad9","2026-04-19T20:00:16Z","2026-09-30T12:00:00Z","de29ed44-ed1b-41d4-b93d-94f3e3c2dc4d","2026-04-19T20:00:16Z","","[""In Review""]"
"PUBLISHED","The Shrimp Shack","the-shrimp-shack-seaside","/restaurants/the-shrimp-shack","Seaside","seaside","Seaside","","{""subdivisions"":[{""code"":""FL"",""name"":""Florida"",""type"":""ADMINISTRATIVE_AREA_LEVEL_1""},{""code"":""Walton County"",""name"":""Walton County"",""type"":""ADMINISTRATIVE_AREA_LEVEL_2""},{""code"":""Santa Rosa Beach"",""name"":""Santa Rosa Beach"",""type"":""ADMINISTRATIVE_AREA_LEVEL_3""},{""code"":""US"",""name"":""United States"",""type"":""COUNTRY""}],""city"":""Santa Rosa Beach"",""location"":{""latitude"":30.3194598,""longitude"":-86.1376636},""countryFullname"":""United States"",""streetAddress"":{""apt"":"""",""name"":""East County Highway 30A"",""number"":""2236""},""formatted"":""2236 E County Hwy 30A, Santa Rosa Beach, FL 32459, USA"",""country"":""US"",""postalCode"":""32459-6210"",""subdivision"":""FL""}","(850) 231-3799","https://www.shrimpshackseasidefl.com/","$","The Shrimp Shack is known for shrimp baskets and seafood in a casual setting. A quick and tasty stop. Hours and seasonal closings change.","Mon-Fri: 10am-9pm Sat & Sun: 10am-9pm. Hours and seasonal closings change.","/restaurants1/","","","","[""Casual Dining""]","[""Seafood""]","[""Lunch"",""Dinner""]","[""Sandwiches"",""Shrimp""]","ChIJcwR9FOPkk4gRg6rtSR0u9Ko","[""Yes""]","[""Yes""]","[""In Review""]","[""Yes""]","[""In Review""]","[""In Review""]","[""Coming Soon""]","","https://www.instagram.com/theshrimpshack30a/","[""Yes""]","[""Quick Service""]","The Shrimp Shack Quick Service Sandwiches Shrimp Seafood Casual Dining Seaside","317b279c-7f3e-464d-943c-21579f135aab","2026-04-19T20:00:16Z","2026-05-09T12:20:25Z","de29ed44-ed1b-41d4-b93d-94f3e3c2dc4d","2026-04-19T20:00:16Z","","[""In Review""]"
"PUBLISHED","LaCo","la-cocina-seacrest","/restaurants/la-cocina","Seacrest","seacrest","Seacrest Beach","","{""subdivisions"":[{""code"":""FL"",""name"":""Florida"",""type"":""ADMINISTRATIVE_AREA_LEVEL_1""},{""code"":""Walton County"",""name"":""Walton County"",""type"":""ADMINISTRATIVE_AREA_LEVEL_2""},{""code"":""Rosemary Beach"",""name"":""Rosemary Beach"",""type"":""ADMINISTRATIVE_AREA_LEVEL_3""},{""code"":""Inlet Beach"",""name"":""Inlet Beach"",""type"":""ADMINISTRATIVE_AREA_LEVEL_4""},{""code"":""US"",""name"":""United States"",""type"":""COUNTRY""}],""city"":""Rosemary Beach"",""location"":{""latitude"":30.2816635,""longitude"":-86.0196426},""countryFullname"":""United States"",""streetAddress"":{""apt"":"""",""name"":""East County Highway 30A"",""number"":""10343""},""formatted"":""10343 E County Hwy 30A, Inlet Beach, FL 32461, USA"",""country"":""US"",""postalCode"":""32461"",""subdivision"":""FL""}","(850) 231-4021","https://laco30a.com/","$$","LaCo, formerly La Cocina, serves Latin-inspired lunch and dinner with a coastal twist in Seacrest Beach.","Mon-Fri: 11am-3pm & 5pm-9pm Sat & Sun: 11am-3pm & 5pm-9pm","/restaurants1/","","","","[""Casual Dining""]","[""Mexican""]","[""Lunch"",""Dinner""]","[""Tacos""]","ChIJseP6sP3xk4gRVob3zQyfdik","[""Yes""]","[""Yes""]","[""In Review""]","[""Yes""]","[""In Review""]","[""No""]","[""Coming Soon""]","https://www.facebook.com/LaCo30A","https://www.instagram.com/lacocina30a/","[""Yes""]","[""Restaurant""]","LaCo La Cocina Restaurant Tacos Mexican Latin Casual Dining Seacrest","3459aebb-bad6-4b60-95b5-0d7939ba8800","2026-04-19T20:00:16Z","2026-09-30T12:00:00Z","de29ed44-ed1b-41d4-b93d-94f3e3c2dc4d","2026-04-19T20:00:16Z","","[""Yes""]"
"PUBLISHED","Marble Slab Creamery","marble-slab-creamery-inlet-beach","/restaurants/marble-slab-creamery","Inlet Beach","inlet-beach","Inlet Beach | 30Avenue","30Avenue","{""subdivisions"":[{""code"":""FL"",""name"":""Florida"",""type"":""ADMINISTRATIVE_AREA_LEVEL_1""},{""code"":""Walton County"",""name"":""Walton County"",""type"":""ADMINISTRATIVE_AREA_LEVEL_2""},{""code"":""Inlet Beach"",""name"":""Inlet Beach"",""type"":""ADMINISTRATIVE_AREA_LEVEL_4""},{""code"":""US"",""name"":""United States"",""type"":""COUNTRY""}],""city"":""Walton County"",""location"":{""latitude"":30.2816501,""longitude"":-86.00922249999999},""countryFullname"":""United States"",""streetAddress"":{""apt"":"""",""name"":""U.S. 98"",""number"":""12805""},""formatted"":""12805 US-98, Inlet Beach, FL 32461, USA"",""country"":""US"",""postalCode"":""32461"",""subdivision"":""FL""}","(850) 909-0404","https://www.marbleslab.com/","$","Marble Slab Creamery offers customizable ice cream treats in a fun environment. A dessert favorite.","Mon-Fri: 10am-10pm Sat & Sun: 10am-10pm","/restaurants1/","","","","[""Casual Dining""]","[""American"",""Dessert""]","[""Desserts""]","[""Ice Cream"",""Dessert""]","ChIJ4wdv-ADyk4gRyOvldnw1KA4","[""In Review""]","[""In Review""]","[""In Review""]","[""In Review""]","[""In Review""]","[""In Review""]","[""Coming Soon""]","","https://www.instagram.com/marbleslabcreamery/","[""Yes""]","[""Dessert""]","Marble Slab Creamery Dessert Ice Cream Dessert American Casual Dining Inlet Beach","3603f541-8db9-43b0-a693-0ad0f98994af","2026-04-19T20:00:16Z","2026-05-09T12:20:25Z","de29ed44-ed1b-41d4-b93d-94f3e3c2dc4d","2026-04-19T20:00:16Z","","[""In Review""]"
"PUBLISHED","Amavida Coffee Roasters","amavida-coffee-roasters-seaside","/restaurants/amavida-coffee-roasters","Seaside","seaside","Seaside | Town Center","Town Center","{""subdivisions"":[{""code"":""FL"",""name"":""Florida"",""type"":""ADMINISTRATIVE_AREA_LEVEL_1""},{""code"":""Walton County"",""name"":""Walton County"",""type"":""ADMINISTRATIVE_AREA_LEVEL_2""},{""code"":""Santa Rosa Beach"",""name"":""Santa Rosa Beach"",""type"":""ADMINISTRATIVE_AREA_LEVEL_3""},{""code"":""US"",""name"":""United States"",""type"":""COUNTRY""}],""city"":""Santa Rosa Beach"",""location"":{""latitude"":30.3194598,""longitude"":-86.1376636},""countryFullname"":""United States"",""streetAddress"":{""apt"":"""",""name"":""East County Highway 30A"",""number"":""2236""},""formatted"":""2236 E County Hwy 30A, Santa Rosa Beach, FL 32459, USA"",""country"":""US"",""postalCode"":""32459-6210"",""subdivision"":""FL""}","(850) 213-1965","https://amavida.com/","$","Amavida Coffee Roasters serves quality coffee in a relaxed café environment. A go-to for coffee lovers.","Mon-Fri: 6:30am-8pm Sat & Sun: 6:30am-8pm","/restaurants1/","","","","[""Cafe""]","[""American"",""Cafe""]","[""Lunch""]","[""Coffee"",""Cafe""]","ChIJcwR9FOPkk4gR4WvyKx5j8o8","[""In Review""]","[""In Review""]","[""In Review""]","[""In Review""]","[""In Review""]","[""In Review""]","[""Coming Soon""]","","https://www.instagram.com/amavidacoffee/","[""Yes""]","[""Cafe / Coffee""]","Amavida Coffee Roasters Cafe Coffee Coffee Cafe American Cafe Seaside","36500bdb-5f1d-44d8-ad63-57b58b015fe6","2026-04-19T20:00:16Z","2026-05-09T12:20:25Z","de29ed44-ed1b-41d4-b93d-94f3e3c2dc4d","2026-04-19T20:00:16Z","","[""In Review""]"
"PUBLISHED","Bud & Alley’s","bud-and-alleys-seaside","/restaurants/bud-alleys","Seaside","seaside","Seaside","","{""subdivisions"":[{""code"":""FL"",""name"":""Florida"",""type"":""ADMINISTRATIVE_AREA_LEVEL_1""},{""code"":""Walton County"",""name"":""Walton County"",""type"":""ADMINISTRATIVE_AREA_LEVEL_2""},{""code"":""Santa Rosa Beach"",""name"":""Santa Rosa Beach"",""type"":""ADMINISTRATIVE_AREA_LEVEL_3""},{""code"":""US"",""name"":""United States"",""type"":""COUNTRY""}],""city"":""Santa Rosa Beach"",""location"":{""latitude"":30.3194598,""longitude"":-86.1376636},""countryFullname"":""United States"",""streetAddress"":{""apt"":"""",""name"":""East County Highway 30A"",""number"":""2236""},""formatted"":""2236 E County Hwy 30A, Santa Rosa Beach, FL 32459, USA"",""country"":""US"",""postalCode"":""32459-6210"",""subdivision"":""FL""}","(850) 231-5900","https://www.budandalleys.com/","$$$","Bud & Alley’s is a 30A classic featuring seafood, drinks, and rooftop views. A must-visit for sunsets and dining.","Mon-Thu 8am-9pm, Fri 8am-9:30pm Sat 8am-9:30pm, Sun 8am-9pm","/restaurants1/","","","","[""Waterfront"",""Rooftop""]","[""American"",""Seafood""]","[""Lunch"",""Dinner""]","[""Raw Bar""]","ChIJ1Z6VFOPkk4gRG_3FKmvD0hM","[""In Review""]","[""In Review""]","[""In Review""]","[""Yes""]","[""In Review""]","[""Yes""]","[""Coming Soon""]","https://www.facebook.com/budandalleys","https://www.instagram.com/budandalleys/","[""Yes""]","[""Restaurant""]","Bud & Alley’s Restaurant Raw Bar American Seafood Waterfront Rooftop Seaside","3ae3c615-8694-4a13-80ff-e15c4398dfaa","2026-04-19T20:00:16Z","2026-05-09T12:20:25Z","de29ed44-ed1b-41d4-b93d-94f3e3c2dc4d","2026-04-19T20:00:16Z","","[""Yes""]"
"PUBLISHED","AJ’s Grayton Beach","ajs-grayton-beach-grayton-beach","/restaurants/ajs-grayton-beach","Grayton Beach","grayton-beach","Grayton Beach","","{""subdivisions"":[{""code"":""FL"",""name"":""Florida"",""type"":""ADMINISTRATIVE_AREA_LEVEL_1""},{""code"":""Walton County"",""name"":""Walton County"",""type"":""ADMINISTRATIVE_AREA_LEVEL_2""},{""code"":""Santa Rosa Beach"",""name"":""Santa Rosa Beach"",""type"":""ADMINISTRATIVE_AREA_LEVEL_3""},{""code"":""US"",""name"":""United States"",""type"":""COUNTRY""}],""city"":""Santa Rosa Beach"",""location"":{""latitude"":30.3359221,""longitude"":-86.1669589},""countryFullname"":""United States"",""streetAddress"":{""apt"":"""",""name"":""Defuniak Street"",""number"":""63""},""formatted"":""63 Defuniak St, Santa Rosa Beach, FL 32459, USA"",""country"":""US"",""postalCode"":""32459-5842"",""subdivision"":""FL""}","(850) 231-4102","https://ajsgrayton.com/","$$","AJ’s Grayton Beach combines seafood, drinks, and live music in a high-energy setting. A popular destination for nightlife and dining.","Mon-Wed 12pm-10pm, Thu 11am-1am, Fri 11am-2am Sat 11am-2am, Sun 11am-10pm","/restaurants1/","","","","[""Bar"",""Live Music"",""Casual Dining""]","[""Seafood"",""American""]","[""Lunch"",""Dinner""]","[""Grill""]","ChIJSVMpBX3kk4gRwJ2aeG7DDOA","[""Yes""]","[""Yes""]","[""Yes""]","[""Yes""]","[""In Review""]","[""In Review""]","[""Coming Soon""]","https://www.facebook.com/AJsGraytonBeach/","https://www.instagram.com/ajsgrayton/","[""Yes""]","[""Bar & Restaurant""]","AJ’s Grayton Beach Bar Restaurant Grill Seafood American Bar Live Music Casual Dining Grayton Beach","40453b89-c0a8-4cf3-b606-944dc2268890","2026-04-19T20:00:16Z","2026-05-09T12:20:25Z","de29ed44-ed1b-41d4-b93d-94f3e3c2dc4d","2026-04-19T20:00:16Z","","[""In Review""]"
"PUBLISHED","Havana Beach Bar & Grill","havana-beach-bar-and-grill-rosemary-beach","/restaurants/havana-beach-bar-%26-grill","Rosemary Beach","rosemary-beach","Rosemary Beach","","{""subdivisions"":[{""code"":""FL"",""name"":""Florida"",""type"":""ADMINISTRATIVE_AREA_LEVEL_1""},{""code"":""Walton County"",""name"":""Walton County"",""type"":""ADMINISTRATIVE_AREA_LEVEL_2""},{""code"":""Rosemary Beach"",""name"":""Rosemary Beach"",""type"":""ADMINISTRATIVE_AREA_LEVEL_3""},{""code"":""US"",""name"":""United States"",""type"":""COUNTRY""}],""city"":""Rosemary Beach"",""location"":{""latitude"":30.2788883,""longitude"":-86.01682},""countryFullname"":""United States"",""streetAddress"":{""apt"":"""",""name"":""Main Street"",""number"":""63""},""formatted"":""63 Main St, Rosemary Beach, FL 32461, USA"",""country"":""US"",""postalCode"":""32461-5027"",""subdivision"":""FL""}","(850) 588-2882","https://www.thepearlrb.com/dining","$$$","Havana Beach Bar & Grill blends Cuban and coastal flavors in an upscale setting. A unique dining option.","Brunch 8am-2pm, Dinner 4pm-9pm, Bar 11am-10pm Sat & Sun: Brunch 8am-2pm, Dinner 4pm-9pm, Bar 11am-10pm","/restaurants1/","","","","[""Romantic"",""Rooftop"",""Upscale""]","[""Cuban"",""Seafood""]","[""Lunch"",""Dinner""]","[""Bistro""]","ChIJCzlHvv7xk4gRNoV0WXkGRDg","[""Yes""]","[""In Review""]","[""Yes""]","[""Yes""]","[""In Review""]","[""Yes""]","[""Coming Soon""]","https://www.facebook.com/HavanaBeachBarandGrill","https://www.instagram.com/havanabeachbarandgrill/","[""Yes""]","[""Restaurant""]","Havana Beach Bar & Grill Restaurant Bistro Cuban Seafood Romantic Rooftop Upscale Rosemary Beach","4405b7f6-faad-4331-9203-e010af71b8a2","2026-04-19T20:00:16Z","2026-09-30T14:00:00Z","de29ed44-ed1b-41d4-b93d-94f3e3c2dc4d","2026-04-19T20:00:16Z","","[""In Review""]"
"PUBLISHED","La Crema Tapas & Chocolate","la-crema-tapas-and-chocolate-rosemary-beach","/restaurants/la-crema-tapas-%26-chocolate","Rosemary Beach","rosemary-beach","Rosemary Beach","","{""subdivisions"":[{""code"":""FL"",""name"":""Florida"",""type"":""ADMINISTRATIVE_AREA_LEVEL_1""},{""code"":""Walton County"",""name"":""Walton County"",""type"":""ADMINISTRATIVE_AREA_LEVEL_2""},{""code"":""Rosemary Beach"",""name"":""Rosemary Beach"",""type"":""ADMINISTRATIVE_AREA_LEVEL_3""},{""code"":""US"",""name"":""United States"",""type"":""COUNTRY""}],""city"":""Rosemary Beach"",""location"":{""latitude"":30.2792153,""longitude"":-86.0169226},""countryFullname"":""United States"",""streetAddress"":{""apt"":"""",""name"":""Main Street"",""number"":""38""},""formatted"":""38 Main St, Rosemary Beach, FL 32461, USA"",""country"":""US"",""postalCode"":""32461"",""subdivision"":""FL""}","(850) 534-3004","https://lacrematapas.com/","$$$","La Crema offers tapas and desserts in a romantic atmosphere. Perfect for sharing plates and drinks.","Mon-Fri: 11am-9pm Sat & Sun: 11am-9pm","/restaurants1/","","","","[""Casual Dining""]","[""Mediterranean""]","[""Lunch"",""Dinner""]","[""Tapas"",""Dessert""]","ChIJP0uDmf7xk4gR6CJjAjf7mlg","[""In Review""]","[""In Review""]","[""In Review""]","[""Yes""]","[""In Review""]","[""No""]","[""Coming Soon""]","https://www.facebook.com/lacrematapas/#","https://www.instagram.com/lacrema30a/","[""No""]","[""Bar & Restaurant""]","La Crema Tapas & Chocolate Bar Restaurant Tapas Dessert Mediterranean Casual Dining Rosemary Beach","4510bd7c-c48f-4da7-9865-9baad36d3c63","2026-04-19T20:00:16Z","2026-09-30T14:00:00Z","de29ed44-ed1b-41d4-b93d-94f3e3c2dc4d","2026-04-19T20:00:16Z","","[""Yes""]"
"PUBLISHED","Great American Cookies","great-american-cookies-inlet-beach","/restaurants/great-american-cookies","Inlet Beach","inlet-beach","Inlet Beach | 30Avenue","30Avenue","{""subdivisions"":[{""code"":""FL"",""name"":""Florida"",""type"":""ADMINISTRATIVE_AREA_LEVEL_1""},{""code"":""Walton County"",""name"":""Walton County"",""type"":""ADMINISTRATIVE_AREA_LEVEL_2""},{""code"":""Inlet Beach"",""name"":""Inlet Beach"",""type"":""ADMINISTRATIVE_AREA_LEVEL_4""},{""code"":""US"",""name"":""United States"",""type"":""COUNTRY""}],""city"":""Walton County"",""location"":{""latitude"":30.2799984,""longitude"":-86.00926720000001},""countryFullname"":""United States"",""streetAddress"":{""apt"":""Suite B101"",""name"":""U.S. 98"",""number"":""12805""},""formatted"":""12805 US-98 Suite B101, Inlet Beach, FL 32461, USA"",""country"":""US"",""postalCode"":""32461"",""subdivision"":""FL""}","(850) 641-0103","https://www.greatamericancookies.com/","$","Great American Cookies specializes in sweet treats and desserts. A quick sugar fix.","Mon-Fri: 10am-10pm Sat & Sun: 10am-10pm","/restaurants1/","","","","[""Grab & Go""]","[""American"",""Dessert""]","[""Desserts""]","[""Cookies & Sweets"",""Dessert""]","ChIJ4S21Ub7zk4gRHF2U1FfREaU","[""In Review""]","[""In Review""]","[""In Review""]","[""In Review""]","[""In Review""]","[""In Review""]","[""Coming Soon""]","https://www.facebook.com/Great-American-Cookie-and-Marble-Slab-at-30Avenue-945159295564782/","https://www.instagram.com/greatamericancookies/","[""Yes""]","[""Dessert""]","Great American Cookies Dessert Cookies Sweets Dessert American Grab Go Inlet Beach","4781f20a-6525-4026-bb71-66a9b239b150","2026-04-19T20:00:16Z","2026-09-30T14:00:00Z","de29ed44-ed1b-41d4-b93d-94f3e3c2dc4d","2026-04-19T20:00:16Z","","[""In Review""]"
"PUBLISHED","Aja 30A","aja-30a-inlet-beach","/restaurants/aja-30a","Inlet Beach","inlet-beach","Inlet Beach | 30Avenue","30Avenue","{""subdivisions"":[{""code"":""FL"",""name"":""Florida"",""type"":""ADMINISTRATIVE_AREA_LEVEL_1""},{""code"":""Walton County"",""name"":""Walton County"",""type"":""ADMINISTRATIVE_AREA_LEVEL_2""},{""code"":""Inlet Beach"",""name"":""Inlet Beach"",""type"":""ADMINISTRATIVE_AREA_LEVEL_4""},{""code"":""US"",""name"":""United States"",""type"":""COUNTRY""},{""code"":""Inlet Beach"",""name"":""Inlet Beach"",""type"":""ADMINISTRATIVE_AREA_LEVEL_3""}],""city"":""Inlet Beach"",""location"":{""latitude"":30.27989839999999,""longitude"":-86.0092701},""countryFullname"":""United States"",""streetAddress"":{""apt"":""Suite T101"",""name"":""U.S. 98"",""number"":""12805""},""formatted"":""12805 US-98 Suite T101, Inlet Beach, FL 32461, USA"",""country"":""US"",""postalCode"":""32461"",""subdivision"":""FL""}","(850) 493-6437","https://aja30a.com/","$$$","Aja 30A serves elevated Asian dishes and sushi at 30Avenue in Inlet Beach. It is a dinner restaurant.","Mon-Thu 5pm-9:30pm, Fri 5pm-12am Sat 5pm-12am, Sun 5pm-9:30pm","/restaurants1/","","","","[""Grab & Go""]","[""Asian"",""Japanese""]","[""Lunch"",""Dinner""]","[""Sushi""]","ChIJ7ZDADFnzk4gRnyl1AOA1KkE","[""In Review""]","[""In Review""]","[""In Review""]","[""In Review""]","[""In Review""]","[""In Review""]","[""Coming Soon""]","https://www.facebook.com/aja30a","https://www.instagram.com/aja30a/","[""No""]","[""Restaurant""]","Aja 30A Restaurant Sushi Asian Japanese Grab Go Inlet Beach","4be0e68c-9ff9-4305-a1af-1b8b512f268c","2026-04-19T20:00:16Z","2026-05-09T12:20:25Z","de29ed44-ed1b-41d4-b93d-94f3e3c2dc4d","2026-04-19T20:00:16Z","","[""In Review""]"
"PUBLISHED","Canopy Road Café","canopy-road-cafe-inlet-beach","/restaurants/canopy-road-cafe","Inlet Beach","inlet-beach","Inlet Beach | 30Avenue","30Avenue","{""subdivisions"":[{""code"":""FL"",""name"":""Florida"",""type"":""ADMINISTRATIVE_AREA_LEVEL_1""},{""code"":""Walton County"",""name"":""Walton County"",""type"":""ADMINISTRATIVE_AREA_LEVEL_2""},{""code"":""Inlet Beach"",""name"":""Inlet Beach"",""type"":""ADMINISTRATIVE_AREA_LEVEL_4""},{""code"":""US"",""name"":""United States"",""type"":""COUNTRY""}],""city"":""Walton County"",""location"":{""latitude"":30.2816501,""longitude"":-86.00922249999999},""countryFullname"":""United States"",""streetAddress"":{""apt"":"""",""name"":""U.S. 98"",""number"":""12805""},""formatted"":""12805 US-98, Inlet Beach, FL 32461, USA"",""country"":""US"",""postalCode"":""32461"",""subdivision"":""FL""}","(850) 909-0104","https://canopyroadcafe.com/","$$","Canopy Road Café is known for breakfast favorites in a casual setting. A popular morning spot.","Mon-Fri: 6:30am-2:15pm Sat & Sun: 6:30am-2:15pm","/restaurants1/","","","","[""Casual Dining""]","[""American""]","[""Breakfast"",""Lunch""]","[""Breakfast Spot""]","ChIJzVipsJrzk4gR3B7EGvzwwKA","[""In Review""]","[""In Review""]","[""In Review""]","[""Yes""]","[""In Review""]","[""No""]","[""Coming Soon""]","https://www.facebook.com/canopyroadcafe","https://www.instagram.com/canopyroadcafe/","[""Yes""]","[""Restaurant""]","Canopy Road Café Restaurant Breakfast Spot American Casual Dining Inlet Beach","4dfb4556-2ecc-4ca7-9455-71dcc2df76af","2026-04-19T20:00:16Z","2026-05-09T12:20:25Z","de29ed44-ed1b-41d4-b93d-94f3e3c2dc4d","2026-04-19T20:00:16Z","","[""No""]"
"PUBLISHED","Shades Bar & Grill","shades-bar-and-grill-inlet-beach","/restaurants/shades-bar-%26-grill","Inlet Beach","inlet-beach","Inlet Beach | 98 Corridor","98 Corridor","{""subdivisions"":[{""code"":""FL"",""name"":""Florida"",""type"":""ADMINISTRATIVE_AREA_LEVEL_1""},{""code"":""Walton County"",""name"":""Walton County"",""type"":""ADMINISTRATIVE_AREA_LEVEL_2""},{""code"":""Inlet Beach"",""name"":""Inlet Beach"",""type"":""ADMINISTRATIVE_AREA_LEVEL_4""},{""code"":""US"",""name"":""United States"",""type"":""COUNTRY""}],""city"":""Walton County"",""location"":{""latitude"":30.2784084,""longitude"":-86.009274},""countryFullname"":""United States"",""streetAddress"":{""apt"":"""",""name"":""East County Highway 30A"",""number"":""10952""},""formatted"":""10952 E County Hwy 30A, Inlet Beach, FL 32461, USA"",""country"":""US"",""postalCode"":""32461"",""subdivision"":""FL""}","(850) 231-9410","https://shadesbarandgrill.com/","$$","Shades Bar & Grill is a lively sports bar with burgers and drinks. A popular local hangout.","Mon-Thu 11am-12am, Fri 11am-1am Sat 11am-1am, Sun 11am-12am","/restaurants1/","","","","[""Sports Bar""]","[""American""]","[""Lunch"",""Dinner""]","[""Burgers""]","ChIJP1dcdAHyk4gRUsu6TbNpmtg","[""Yes""]","[""Yes""]","[""Yes""]","[""Yes""]","[""In Review""]","[""No""]","[""Coming Soon""]","https://www.facebook.com/shades30a","https://www.instagram.com/shadesbarandgrill/","[""Yes""]","[""Sports Bar""]","Shades Bar & Grill Sports Bar Burgers American Sports Bar Inlet Beach","50569d61-d62e-4433-b3d5-e1781e831b26","2026-04-19T20:00:16Z","2026-05-09T12:20:25Z","de29ed44-ed1b-41d4-b93d-94f3e3c2dc4d","2026-04-19T20:00:16Z","","[""In Review""]"
"PUBLISHED","Scout Sports Tavern","scout-sports-tavern-watersound-origins","/restaurants/scout-sports-tavern","Watersound Origins","watersound-origins","Watersound Origins | Town Center","Town Center","{""subdivisions"":[{""code"":""FL"",""name"":""Florida"",""type"":""ADMINISTRATIVE_AREA_LEVEL_1""},{""code"":""Walton County"",""name"":""Walton County"",""type"":""ADMINISTRATIVE_AREA_LEVEL_2""},{""code"":""Watersound"",""name"":""Watersound"",""type"":""ADMINISTRATIVE_AREA_LEVEL_3""},{""code"":""US"",""name"":""United States"",""type"":""COUNTRY""}],""city"":""Watersound"",""location"":{""latitude"":30.2961331,""longitude"":-86.02187099999999},""countryFullname"":""United States"",""streetAddress"":{""apt"":"""",""name"":""Origins Main Street"",""number"":""50""},""formatted"":""50 Origins Main St, Watersound, FL 32461, USA"",""country"":""US"",""postalCode"":""32461"",""subdivision"":""FL""}","(850) 641-0056","https://scoutsportstavern.com/","$$","Scout Sports Tavern is a lively spot for burgers, drinks, and watching games. A classic sports bar.","Wed-Fri 11am-3pm & 5pm-10pm, Mon 11am-3pm & 5pm-10pm, Tue closed Sat-Sun 11am-3pm & 5pm-10pm","/restaurants1/","","","","[""Sports Bar""]","[""American""]","[""Lunch"",""Dinner""]","[""Burgers""]","ChIJnwCmwtTvk4gRV19dZ0bbfVE","[""In Review""]","[""In Review""]","[""In Review""]","[""In Review""]","[""In Review""]","[""In Review""]","[""Coming Soon""]","https://www.facebook.com/p/Scout-Sports-Tavern-61580063062209/","https://www.instagram.com/scoutsportstavern/","[""Yes""]","[""Sports Bar""]","Scout Sports Tavern Sports Bar Burgers American Sports Bar Watersound Origins","51a3d7bf-204b-4e9a-8335-5c07af5636aa","2026-04-19T20:00:16Z","2026-05-09T12:20:25Z","de29ed44-ed1b-41d4-b93d-94f3e3c2dc4d","2026-04-19T20:00:16Z","","[""In Review""]"
"PUBLISHED","Obscure Wine Company","obscure-wine-company-inlet-beach","/restaurants/obscure-wine-company","Inlet Beach","inlet-beach","Inlet Beach | 30Avenue","30Avenue","{""subdivisions"":[{""code"":""FL"",""name"":""Florida"",""type"":""ADMINISTRATIVE_AREA_LEVEL_1""},{""code"":""Walton County"",""name"":""Walton County"",""type"":""ADMINISTRATIVE_AREA_LEVEL_2""},{""code"":""Inlet Beach"",""name"":""Inlet Beach"",""type"":""ADMINISTRATIVE_AREA_LEVEL_4""},{""code"":""US"",""name"":""United States"",""type"":""COUNTRY""}],""city"":""Walton County"",""location"":{""latitude"":30.28123919999999,""longitude"":-86.0093236},""countryFullname"":""United States"",""streetAddress"":{""apt"":""Suite M101"",""name"":""U.S. 98"",""number"":""12805""},""formatted"":""12805 US-98 Suite M101, Inlet Beach, FL 32461, USA"",""country"":""US"",""postalCode"":""32461"",""subdivision"":""FL""}","(850) 909-0019","https://obscurewineco.com/","$$","Obscure Wine Company features wine and small plates in a stylish setting. Perfect for drinks.","Mon-Fri: 11am-11pm Sat & Sun: 11am-11pm","/restaurants1/","","","","[""Wine Bar""]","[""American""]","[""Lunch"",""Dinner""]","[""Wine""]","ChIJixxNzaXzk4gR2oy65f1LMPY","[""In Review""]","[""In Review""]","[""In Review""]","[""In Review""]","[""In Review""]","[""In Review""]","[""Coming Soon""]","https://www.facebook.com/obscurewine","https://www.instagram.com/obscurewinecompany/","[""No""]","[""Bar & Restaurant""]","Obscure Wine Company Bar Restaurant Wine American Wine Bar Inlet Beach","56b55f31-0755-4ad3-807f-ce59439aaffa","2026-04-19T20:00:16Z","2026-05-09T12:20:25Z","de29ed44-ed1b-41d4-b93d-94f3e3c2dc4d","2026-04-19T20:00:16Z","","[""In Review""]"
"PUBLISHED","The Red Bar","the-red-bar-grayton-beach","/restaurants/the-red-bar","Grayton Beach","grayton-beach","Grayton Beach","","{""subdivisions"":[{""code"":""FL"",""name"":""Florida"",""type"":""ADMINISTRATIVE_AREA_LEVEL_1""},{""code"":""Walton County"",""name"":""Walton County"",""type"":""ADMINISTRATIVE_AREA_LEVEL_2""},{""code"":""Santa Rosa Beach"",""name"":""Santa Rosa Beach"",""type"":""ADMINISTRATIVE_AREA_LEVEL_3""},{""code"":""US"",""name"":""United States"",""type"":""COUNTRY""}],""city"":""Santa Rosa Beach"",""location"":{""latitude"":30.3293517,""longitude"":-86.1652302},""countryFullname"":""United States"",""streetAddress"":{""apt"":"""",""name"":""Hotz Avenue"",""number"":""70""},""formatted"":""70 Hotz Ave, Santa Rosa Beach, FL 32459, USA"",""country"":""US"",""postalCode"":""32459-5879"",""subdivision"":""FL""}","(850) 231-1008","https://theredbar.com/","$$","The Red Bar is an iconic 30A spot offering live music and casual dining with a unique vibe. A staple for locals and visitors alike.","Mon-Fri: 11am-10pm Sat & Sun: 11am-10pm","/restaurants1/","","","","[""Live Music"",""Casual Dining""]","[""American""]","[""Lunch"",""Dinner""]","[""Bistro""]","ChIJazZtn4jkk4gR0IX3l-MC4Zo","[""In Review""]","[""In Review""]","[""Yes""]","[""In Review""]","[""In Review""]","[""In Review""]","[""Coming Soon""]","https://www.facebook.com/TheRedBar1995/","https://www.instagram.com/theredbargrayton/","[""Yes""]","[""Bar & Restaurant""]","The Red Bar Bar Restaurant Bistro American Live Music Casual Dining Grayton Beach","587e6789-bae7-4b40-9b12-7f9fc1f1d434","2026-04-19T20:00:16Z","2026-05-09T12:20:25Z","de29ed44-ed1b-41d4-b93d-94f3e3c2dc4d","2026-04-19T20:00:16Z","","[""In Review""]"
"PUBLISHED","Blue Mountain Beach Creamery","blue-mountain-beach-creamery-blue-mountain-beach","/restaurants/blue-mountain-beach-creamery","Blue Mountain Beach","blue-mountain-beach","Blue Mountain Beach","","{""subdivisions"":[{""code"":""FL"",""name"":""Florida"",""type"":""ADMINISTRATIVE_AREA_LEVEL_1""},{""code"":""Walton County"",""name"":""Walton County"",""type"":""ADMINISTRATIVE_AREA_LEVEL_2""},{""code"":""Santa Rosa Beach"",""name"":""Santa Rosa Beach"",""type"":""ADMINISTRATIVE_AREA_LEVEL_3""},{""code"":""US"",""name"":""United States"",""type"":""COUNTRY""}],""city"":""Santa Rosa Beach"",""location"":{""latitude"":30.340892,""longitude"":-86.2038516},""countryFullname"":""United States"",""streetAddress"":{""apt"":"""",""name"":""West County Highway 30A"",""number"":""2290""},""formatted"":""2290 W County Hwy 30A, Santa Rosa Beach, FL 32459, USA"",""country"":""US"",""postalCode"":""32459"",""subdivision"":""FL""}","(850) 660-2955","https://bluemountainbeachcreamery.com/","$","Blue Mountain Beach Creamery offers a wide selection of ice cream flavors in a fun, family-friendly setting. A great way to cool off after the beach.","Mon-Fri: 11am-10pm Sat & Sun: 11am-10pm","/restaurants1/","","","","[""Casual Dining""]","[""American"",""Dessert""]","[""Desserts""]","[""Ice Cream"",""Dessert""]","ChIJgRMQVaHjk4gRkQgd428IrK0","[""In Review""]","[""In Review""]","[""In Review""]","[""In Review""]","[""In Review""]","[""In Review""]","[""Coming Soon""]","https://www.facebook.com/BMBCreamery","https://www.instagram.com/bmbcreamery/","[""Yes""]","[""Dessert""]","Blue Mountain Beach Creamery Dessert Ice Cream Dessert American Casual Dining Blue Mountain Beach","59037261-32e5-40d0-93e0-23355053de01","2026-04-19T20:00:16Z","2026-05-09T12:20:25Z","de29ed44-ed1b-41d4-b93d-94f3e3c2dc4d","2026-04-19T20:00:16Z","","[""In Review""]"
"PUBLISHED","87 Central Square","87-central-square-seaside","/restaurants/87-central-square","Seaside","seaside","Seaside","","{""subdivisions"":[{""code"":""FL"",""name"":""Florida"",""type"":""ADMINISTRATIVE_AREA_LEVEL_1""},{""code"":""Walton County"",""name"":""Walton County"",""type"":""ADMINISTRATIVE_AREA_LEVEL_2""},{""code"":""Santa Rosa Beach"",""name"":""Santa Rosa Beach"",""type"":""ADMINISTRATIVE_AREA_LEVEL_3""},{""code"":""US"",""name"":""United States"",""type"":""COUNTRY""}],""city"":""Santa Rosa Beach"",""location"":{""latitude"":30.320615,""longitude"":-86.1370358},""countryFullname"":""United States"",""streetAddress"":{""apt"":"""",""name"":""Central Square"",""number"":""87""},""formatted"":""87 Central Square, Santa Rosa Beach, FL 32459, USA"",""country"":""US"",""postalCode"":""32459"",""subdivision"":""FL""}","(850) 231-7327","https://www.87centralsquare.com/","$$$","87 Central Square is a Seaside gathering spot on Central Square. The bar opens at 11am and the dining room at 4pm.","Bar 11am-9pm, Restaurant 4pm-9pm Sat & Sun: Bar 11am-9pm, Restaurant 4pm-9pm","/restaurants1/","","","","[""Casual Dining""]","[""American""]","[""Lunch"",""Dinner""]","[""Bistro""]","ChIJT00BKOPkk4gREpV6GD8BeT0","[""In Review""]","[""In Review""]","[""In Review""]","[""Yes""]","[""In Review""]","[""In Review""]","[""Coming Soon""]","https://www.facebook.com/the87central","https://www.instagram.com/the87central/","[""Yes""]","[""Restaurant""]","87 Central Square Restaurant Bistro American Casual Dining Seaside","5942beb3-c9f2-4eb0-8df5-9339b13d853a","2026-04-19T20:00:16Z","2026-09-30T12:00:00Z","de29ed44-ed1b-41d4-b93d-94f3e3c2dc4d","2026-04-19T20:00:16Z","","[""In Review""]"
"PUBLISHED","Pizza by the Sea","pizza-by-the-sea-gulf-place","/restaurants/pizza-by-the-sea","Gulf Place","gulf-place","Gulf Place","","{""subdivisions"":[{""code"":""FL"",""name"":""Florida"",""type"":""ADMINISTRATIVE_AREA_LEVEL_1""},{""code"":""Walton County"",""name"":""Walton County"",""type"":""ADMINISTRATIVE_AREA_LEVEL_2""},{""code"":""Santa Rosa Beach"",""name"":""Santa Rosa Beach"",""type"":""ADMINISTRATIVE_AREA_LEVEL_3""},{""code"":""US"",""name"":""United States"",""type"":""COUNTRY""}],""city"":""Santa Rosa Beach"",""location"":{""latitude"":30.3474824,""longitude"":-86.2311247},""countryFullname"":""United States"",""streetAddress"":{""apt"":"""",""name"":""Laura Hamilton Boulevard"",""number"":""95""},""formatted"":""95 Laura Hamilton Blvd, Santa Rosa Beach, FL 32459, USA"",""country"":""US"",""postalCode"":""32459"",""subdivision"":""FL""}","(850) 267-2202","https://www.pizzabythesea.com/","$$","Pizza by the Sea delivers classic pies and slices in a casual, family-friendly environment. A quick and easy crowd favorite.","Daily 11am-9pm","/restaurants1/","","","","[""Casual Dining""]","[""Italian""]","[""Lunch"",""Dinner""]","[""Pizza""]","ChIJAeUBVkPik4gRJXkv8TsPA8E","[""In Review""]","[""In Review""]","[""In Review""]","[""Yes""]","[""In Review""]","[""In Review""]","[""Coming Soon""]","https://www.facebook.com/pizzabythesea","https://www.instagram.com/pizzabythesea/","[""Yes""]","[""Restaurant""]","Pizza by the Sea Restaurant Pizza Italian Casual Dining Gulf Place","5bdeb2ab-f2b5-45a1-9558-d5c4edc67fb8","2026-04-19T20:00:16Z","2026-09-30T14:00:00Z","de29ed44-ed1b-41d4-b93d-94f3e3c2dc4d","2026-04-19T20:00:16Z","","[""In Review""]"
"PUBLISHED","Ambrosia","ambrosia-watersound-origins","/restaurants/ambrosia","Watersound Origins","watersound-origins","Watersound Origins | Town Center","Town Center","{""subdivisions"":[{""code"":""FL"",""name"":""Florida"",""type"":""ADMINISTRATIVE_AREA_LEVEL_1""},{""code"":""Walton County"",""name"":""Walton County"",""type"":""ADMINISTRATIVE_AREA_LEVEL_2""},{""code"":""Watersound"",""name"":""Watersound"",""type"":""ADMINISTRATIVE_AREA_LEVEL_3""},{""code"":""US"",""name"":""United States"",""type"":""COUNTRY""}],""city"":""Watersound"",""location"":{""latitude"":30.2971255,""longitude"":-86.02143389999999},""countryFullname"":""United States"",""streetAddress"":{""apt"":"""",""name"":""Origins Main Street"",""number"":""75""},""formatted"":""75 Origins Main St, Watersound, FL 32461, USA"",""country"":""US"",""postalCode"":""32461"",""subdivision"":""FL""}","(850) 909-0100","https://www.ambrosia30a.com/","$$$","Ambrosia offers upscale dining with a refined menu. A great choice for dinner.","Mon-Fri: Unknown Sat & Sun: Unknown","/restaurants1/","","","","[""Upscale""]","[""American""]","[""Lunch"",""Dinner""]","[""Steak""]","ChIJkQqHwMDvk4gRIoLokFUAWzQ","[""In Review""]","[""In Review""]","[""In Review""]","[""Yes""]","[""In Review""]","[""In Review""]","[""Coming Soon""]","https://www.facebook.com/ambrosia30a/","https://www.instagram.com/ambrosia30a/","[""No""]","[""Restaurant""]","Ambrosia Restaurant Steak American Upscale Watersound Origins","603dd66d-4ede-4fca-91e0-724d92ac2f50","2026-04-19T20:00:16Z","2026-05-09T12:20:25Z","de29ed44-ed1b-41d4-b93d-94f3e3c2dc4d","2026-04-19T20:00:16Z","","[""In Review""]"
"PUBLISHED","Shunk Gulley Oyster Bar","shunk-gulley-oyster-bar-gulf-place","/restaurants/shunk-gulley-oyster-bar","Gulf Place","gulf-place","Gulf Place","","{""subdivisions"":[{""code"":""FL"",""name"":""Florida"",""type"":""ADMINISTRATIVE_AREA_LEVEL_1""},{""code"":""Walton County"",""name"":""Walton County"",""type"":""ADMINISTRATIVE_AREA_LEVEL_2""},{""code"":""Santa Rosa Beach"",""name"":""Santa Rosa Beach"",""type"":""ADMINISTRATIVE_AREA_LEVEL_3""},{""code"":""US"",""name"":""United States"",""type"":""COUNTRY""}],""city"":""Santa Rosa Beach"",""location"":{""latitude"":30.3474451,""longitude"":-86.22979099999999},""countryFullname"":""United States"",""streetAddress"":{""apt"":"""",""name"":""South County Highway 393"",""number"":""1875""},""formatted"":""1875 S County Hwy 393, Santa Rosa Beach, FL 32459, USA"",""country"":""US"",""postalCode"":""32459"",""subdivision"":""FL""}","(850) 622-2733","https://www.shunkgulley.com/?utm_source=eatingon30a&utm_medium=referral","$$","Shunk Gulley Oyster Bar sits at Gulf Place, with the Gulf off the deck.

See the current [menu](https://www.shunkgulley.com/?utm_source=eatingon30a&utm_medium=referral), [hours](https://www.shunkgulley.com/?utm_source=eatingon30a&utm_medium=referral), and [events](https://www.shunkgulley.com/?utm_source=eatingon30a&utm_medium=referral).","Check website for hours","/restaurants1/","/images/restaurants/shunk-gulley-oyster-bar-gulf-place/01.jpg","/images/restaurants/shunk-gulley-oyster-bar-gulf-place/01.jpg","","[""Waterfront"",""Live Music"",""Casual Dining""]","[""Seafood""]","[""Lunch"",""Dinner""]","[""Oyster Bar""]","ChIJZUC3yUTik4gRJyPgZgnHW34","[""In Review""]","[""In Review""]","[""Yes""]","[""Yes""]","[""In Review""]","[""No""]","[""Coming Soon""]","https://www.facebook.com/ShunkGulley30A/","https://www.instagram.com/shunkgulley/","[""Yes""]","[""Bar & Restaurant""]","Shunk Gulley Oyster Bar Bar Restaurant Oyster Bar Seafood Waterfront Live Music Casual Dining Gulf Place","644988e7-a27f-4d67-a1e4-b08fd0197f9f","2026-04-19T20:00:16Z","2026-10-05T15:00:00Z","de29ed44-ed1b-41d4-b93d-94f3e3c2dc4d","2026-04-19T20:00:16Z","","[""Yes""]"
"PUBLISHED","Cowgirl Kitchen (Blue Mountain)","cowgirl-kitchen-blue-mountain-beach","/restaurants/cowgirl-kitchen-blue","Blue Mountain Beach","blue-mountain-beach","Blue Mountain Beach","","{""subdivisions"":[{""code"":""FL"",""name"":""Florida"",""type"":""ADMINISTRATIVE_AREA_LEVEL_1""},{""code"":""Walton County"",""name"":""Walton County"",""type"":""ADMINISTRATIVE_AREA_LEVEL_2""},{""code"":""Santa Rosa Beach"",""name"":""Santa Rosa Beach"",""type"":""ADMINISTRATIVE_AREA_LEVEL_3""},{""code"":""US"",""name"":""United States"",""type"":""COUNTRY""}],""city"":""Santa Rosa Beach"",""location"":{""latitude"":30.340957,""longitude"":-86.20299899999999},""countryFullname"":""United States"",""streetAddress"":{""apt"":"""",""name"":""West County Highway 30A"",""number"":""2252""},""formatted"":""2252 W County Hwy 30A, Santa Rosa Beach, FL 32459, USA"",""country"":""US"",""postalCode"":""32459"",""subdivision"":""FL""}","(850) 231-1120","https://cowgirlkitchen.com/","$$","Cowgirl Kitchen Market & Cafe in Blue Mountain Beach serves breakfast, lunch, and dinner, with to-go dips and a laid-back menu. Open daily at 7:30am.","Mon-Fri: 7:30am-9pm Sat & Sun: 7:30am-9pm","/restaurants1/","","","","[""Casual Dining""]","[""American""]","[""Breakfast"",""Lunch"",""Dinner""]","[""Sandwiches""]","ChIJBRNv3Cvjk4gRtWCmvw5fsGo","[""Yes""]","[""In Review""]","[""In Review""]","[""In Review""]","[""In Review""]","[""In Review""]","[""Coming Soon""]","https://www.facebook.com/CowgirlKitchen/","https://www.instagram.com/cowgirlkitchen/","[""Yes""]","[""Restaurant""]","Cowgirl Kitchen Market Cafe Breakfast Lunch Dinner American Blue Mountain Beach","6b283a12-d371-46b0-a13a-07ff8c23a12e","2026-04-19T20:00:16Z","2026-09-30T14:00:00Z","de29ed44-ed1b-41d4-b93d-94f3e3c2dc4d","2026-04-19T20:00:16Z","","[""In Review""]"
"PUBLISHED","Ticheli’s Pizza","tichelis-pizza-seacrest","/restaurants/ticheli%E2%80%99s-pizza","Seacrest","seacrest","Seacrest Beach","","{""subdivisions"":[{""code"":""FL"",""name"":""Florida"",""type"":""ADMINISTRATIVE_AREA_LEVEL_1""},{""code"":""Walton County"",""name"":""Walton County"",""type"":""ADMINISTRATIVE_AREA_LEVEL_2""},{""code"":""Rosemary Beach"",""name"":""Rosemary Beach"",""type"":""ADMINISTRATIVE_AREA_LEVEL_3""},{""code"":""Inlet Beach"",""name"":""Inlet Beach"",""type"":""ADMINISTRATIVE_AREA_LEVEL_4""},{""code"":""US"",""name"":""United States"",""type"":""COUNTRY""}],""city"":""Rosemary Beach"",""location"":{""latitude"":30.2814182,""longitude"":-86.01915749999999},""countryFullname"":""United States"",""streetAddress"":{""apt"":"""",""name"":""East County Highway 30A"",""number"":""10343""},""formatted"":""10343 E County Hwy 30A, Inlet Beach, FL 32461, USA"",""country"":""US"",""postalCode"":""32461"",""subdivision"":""FL""}","(850) 502-3777","https://www.tichelispizza.com/","$$","Ticheli’s Pizza serves classic pizza in a laid-back setting. A reliable casual option.","Mon-Fri: 5pm-9pm Sat & Sun: 5pm-9pm","/restaurants1/","","","","[""Casual Dining""]","[""Italian""]","[""Lunch"",""Dinner""]","[""Pizza""]","ChIJ8X68vP3xk4gRddBpW8S27YA","[""In Review""]","[""In Review""]","[""In Review""]","[""In Review""]","[""In Review""]","[""In Review""]","[""Coming Soon""]","https://www.facebook.com/Tichelis","https://www.instagram.com/tichelispizza/","[""Yes""]","[""Restaurant""]","Ticheli’s Pizza Restaurant Pizza Italian Casual Dining Seacrest","6b4a9cbe-77ab-4e6d-999a-c070ae65417d","2026-04-19T20:00:16Z","2026-09-30T12:00:00Z","de29ed44-ed1b-41d4-b93d-94f3e3c2dc4d","2026-04-19T20:00:16Z","","[""In Review""]"
"PUBLISHED","The Daytrader Tiki Bar & Restaurant","the-daytrader-tiki-bar-and-restaurant-seaside","/restaurants/the-daytrader-tiki-bar-%26-restaurant","Seaside","seaside","Seaside","","{""subdivisions"":[{""code"":""FL"",""name"":""Florida"",""type"":""ADMINISTRATIVE_AREA_LEVEL_1""},{""code"":""Walton County"",""name"":""Walton County"",""type"":""ADMINISTRATIVE_AREA_LEVEL_2""},{""code"":""Santa Rosa Beach"",""name"":""Santa Rosa Beach"",""type"":""ADMINISTRATIVE_AREA_LEVEL_3""},{""code"":""US"",""name"":""United States"",""type"":""COUNTRY""}],""city"":""Santa Rosa Beach"",""location"":{""latitude"":30.3194598,""longitude"":-86.1376636},""countryFullname"":""United States"",""streetAddress"":{""apt"":"""",""name"":""East County Highway 30A"",""number"":""2236""},""formatted"":""2236 E County Hwy 30A, Santa Rosa Beach, FL 32459, USA"",""country"":""US"",""postalCode"":""32459-6210"",""subdivision"":""FL""}","(850) 273-8189","https://www.daytradertiki.com/","$$$","The Daytrader Tiki Bar offers tropical drinks and casual bites in a fun waterfront setting. A relaxed spot for drinks and food.","Mon-Fri: 11am-9pm Sat & Sun: 11am-9pm","/restaurants1/","","","","[""Waterfront"",""Casual Dining""]","[""Seafood"",""Asian""]","[""Lunch"",""Dinner""]","[""Tacos""]","ChIJYTpEyDHlk4gRVnbdUCAE3qY","[""Yes""]","[""Yes""]","[""In Review""]","[""In Review""]","[""In Review""]","[""No""]","[""Coming Soon""]","https://www.facebook.com/Daytradertiki/","https://www.instagram.com/daytradertiki/","[""No""]","[""Bar & Restaurant""]","The Daytrader Tiki Bar & Restaurant Bar Restaurant Tacos Seafood Asian Waterfront Casual Dining Seaside","6cf8713b-4f50-4998-8d82-eaa658837e34","2026-04-19T20:00:16Z","2026-09-30T12:00:00Z","de29ed44-ed1b-41d4-b93d-94f3e3c2dc4d","2026-04-19T20:00:16Z","","[""In Review""]"
"PUBLISHED","Seagrove Village Market Café","seagrove-village-market-cafe-seagrove-beach","/restaurants/seagrove-village-market-cafe","Seagrove Beach","seagrove-beach","Seagrove Beach","","{""subdivisions"":[{""code"":""FL"",""name"":""Florida"",""type"":""ADMINISTRATIVE_AREA_LEVEL_1""},{""code"":""Walton County"",""name"":""Walton County"",""type"":""ADMINISTRATIVE_AREA_LEVEL_2""},{""code"":""Santa Rosa Beach"",""name"":""Santa Rosa Beach"",""type"":""ADMINISTRATIVE_AREA_LEVEL_3""},{""code"":""US"",""name"":""United States"",""type"":""COUNTRY""}],""city"":""Santa Rosa Beach"",""location"":{""latitude"":30.31284819999999,""longitude"":-86.112354},""countryFullname"":""United States"",""streetAddress"":{""apt"":"""",""name"":""East County Highway 30A"",""number"":""3871""},""formatted"":""3871 E County Hwy 30A, Santa Rosa Beach, FL 32459, USA"",""country"":""US"",""postalCode"":""32459-0417"",""subdivision"":""FL""}","(850) 231-5736","https://seagrovevillagemarket.com/","$$","Seagrove Village Market Café offers sandwiches and seafood in a casual environment. A local favorite.","Mon-Fri: 10:30am-8:30pm Sat & Sun: 10:30am-8:30pm","/restaurants1/","","","","[""Grab & Go""]","[""Seafood"",""American""]","[""Lunch"",""Dinner""]","[""Sandwiches""]","ChIJAahHhhvlk4gR9svJvZdnGBs","[""In Review""]","[""In Review""]","[""In Review""]","[""Yes""]","[""In Review""]","[""Yes""]","[""Coming Soon""]","https://www.facebook.com/SeagroveVillage/","https://www.instagram.com/seagrovevillagemarket/","[""Yes""]","[""Food Market / Prepared Food""]","Seagrove Village Market Café Food Market Prepared Food Sandwiches Seafood American Grab Go Seagrove Beach","74b1b573-eb0f-42d8-8188-e3dda54641e0","2026-04-19T20:00:16Z","2026-05-09T12:20:25Z","de29ed44-ed1b-41d4-b93d-94f3e3c2dc4d","2026-04-19T20:00:16Z","","[""In Review""]"
"PUBLISHED","Mr. Gyro Hero","mr-gyro-hero-seaside","/restaurants/mr.-gyro-hero","Seaside","seaside","Seaside | Airstream Row","Airstream Row","{""subdivisions"":[{""code"":""FL"",""name"":""Florida"",""type"":""ADMINISTRATIVE_AREA_LEVEL_1""},{""code"":""Walton County"",""name"":""Walton County"",""type"":""ADMINISTRATIVE_AREA_LEVEL_2""},{""code"":""Santa Rosa Beach"",""name"":""Santa Rosa Beach"",""type"":""ADMINISTRATIVE_AREA_LEVEL_3""},{""code"":""US"",""name"":""United States"",""type"":""COUNTRY""}],""city"":""Santa Rosa Beach"",""location"":{""latitude"":30.3194598,""longitude"":-86.1376636},""countryFullname"":""United States"",""streetAddress"":{""apt"":"""",""name"":""East County Highway 30A"",""number"":""2236""},""formatted"":""2236 E County Hwy 30A, Santa Rosa Beach, FL 32459, USA"",""country"":""US"",""postalCode"":""32459-6210"",""subdivision"":""FL""}","","","$$","Mr. Gyro Hero serves Mediterranean favorites like gyros in a fast-casual environment. A flavorful and quick option.","Mon-Fri: Unknown Sat & Sun: Unknown","/restaurants1/","","","","[""Fast Casual""]","[""Mediterranean""]","[""Lunch"",""Dinner""]","[""Gyros""]","ChIJJbzsojnlk4gRJyBZo2BfRB4","[""In Review""]","[""In Review""]","[""In Review""]","[""In Review""]","[""In Review""]","[""In Review""]","[""Coming Soon""]","","https://www.instagram.com/mrgyrohero/","[""Yes""]","[""Food Truck""]","Mr. Gyro Hero Food Truck Gyros Mediterranean Fast Casual Seaside","74d108d7-4b0b-4bee-8d73-d1613ff7f506","2026-04-19T20:00:16Z","2026-05-09T12:20:25Z","de29ed44-ed1b-41d4-b93d-94f3e3c2dc4d","2026-04-19T20:00:16Z","","[""In Review""]"
"PUBLISHED","Neat Bottle Shop & Tasting Room","neat-bottle-shop-and-tasting-room-alys-beach","/restaurants/neat-bottle-shop-%26-tasting-room","Alys Beach","alys-beach","Alys Beach","","{""subdivisions"":[{""code"":""FL"",""name"":""Florida"",""type"":""ADMINISTRATIVE_AREA_LEVEL_1""},{""code"":""Walton County"",""name"":""Walton County"",""type"":""ADMINISTRATIVE_AREA_LEVEL_2""},{""code"":""Alys Beach"",""name"":""Alys Beach"",""type"":""ADMINISTRATIVE_AREA_LEVEL_3""},{""code"":""US"",""name"":""United States"",""type"":""COUNTRY""}],""city"":""Alys Beach"",""location"":{""latitude"":30.2847295,""longitude"":-86.0278965},""countryFullname"":""United States"",""streetAddress"":{""apt"":"""",""name"":""Mark Twain Lane"",""number"":""20""},""formatted"":""20 Mark Twain Ln, Alys Beach, FL 32461, USA"",""country"":""US"",""postalCode"":""32461-8262"",""subdivision"":""FL""}","(850) 909-0403","https://neatbottleshop.com/","$$","Neat Bottle Shop offers wine and small plates in a sophisticated environment. Perfect for drinks.","Sun-Thu 12pm-10pm, Fri 12pm-11pm Sat 12pm-11pm, Sun 12pm-10pm","/restaurants1/","","","","[""Wine Bar""]","[""American""]","[""Drinks""]","[""Wine""]","ChIJO1ShCR7uk4gREdKn8dL5GCc","[""In Review""]","[""In Review""]","[""Yes""]","[""Yes""]","[""In Review""]","[""In Review""]","[""Coming Soon""]","https://www.facebook.com/neatbottleshop","https://www.instagram.com/neat30a/","[""No""]","[""Bar & Restaurant""]","Neat Bottle Shop & Tasting Room Bar Restaurant Wine American Wine Bar Alys Beach","76cae7c4-47b4-45e3-a429-07cb6c6638ae","2026-04-19T20:00:16Z","2026-05-09T12:20:25Z","de29ed44-ed1b-41d4-b93d-94f3e3c2dc4d","2026-04-19T20:00:16Z","","[""In Review""]"
"PUBLISHED","Seacrest Sundries","seacrest-sundries-seacrest","/restaurants/seacrest-sundries","Seacrest","seacrest","Seacrest Beach","","{""subdivisions"":[{""code"":""FL"",""name"":""Florida"",""type"":""ADMINISTRATIVE_AREA_LEVEL_1""},{""code"":""Walton County"",""name"":""Walton County"",""type"":""ADMINISTRATIVE_AREA_LEVEL_2""},{""code"":""Rosemary Beach"",""name"":""Rosemary Beach"",""type"":""ADMINISTRATIVE_AREA_LEVEL_3""},{""code"":""Inlet Beach"",""name"":""Inlet Beach"",""type"":""ADMINISTRATIVE_AREA_LEVEL_4""},{""code"":""US"",""name"":""United States"",""type"":""COUNTRY""}],""city"":""Rosemary Beach"",""location"":{""latitude"":30.2816635,""longitude"":-86.0196426},""countryFullname"":""United States"",""streetAddress"":{""apt"":"""",""name"":""East County Highway 30A"",""number"":""10343""},""formatted"":""10343 E County Hwy 30A, Inlet Beach, FL 32461, USA"",""country"":""US"",""postalCode"":""32461"",""subdivision"":""FL""}","(850) 231-1099","https://seacrestsundries.com/","$$","Seacrest Sundries offers quick bites and market goods for grab-and-go meals. Convenient and easy.","Mon-Fri: 9am-9pm Sat & Sun: 9am-9pm","/restaurants1/","","","","[""Grab & Go""]","[""American""]","[""Lunch"",""Dinner""]","[""Market"",""Sandwiches""]","ChIJv0rovf3xk4gRv_fz9oZsbvs","[""In Review""]","[""In Review""]","[""In Review""]","[""In Review""]","[""In Review""]","[""In Review""]","[""Coming Soon""]","https://www.facebook.com/seacrestsundries30a/#","https://www.instagram.com/seacrestsundries/","[""Yes""]","[""Food Market / Prepared Food""]","Seacrest Sundries Food Market Prepared Food Market Sandwiches American Grab Go Seacrest","7949ca38-8972-4fe8-9215-2f8ab697e941","2026-04-19T20:00:16Z","2026-05-09T12:20:25Z","de29ed44-ed1b-41d4-b93d-94f3e3c2dc4d","2026-04-19T20:00:16Z","","[""In Review""]"
"PUBLISHED","Buddys Seafood Market","buddys-seafood-market","/restaurants/buddys-seafood-market","Seagrove Beach","seagrove-beach","Seagrove Beach","","{""subdivisions"":[{""code"":""FL"",""name"":""Florida"",""type"":""ADMINISTRATIVE_AREA_LEVEL_1""},{""code"":""Walton County"",""name"":""Walton County"",""type"":""ADMINISTRATIVE_AREA_LEVEL_2""},{""code"":""Santa Rosa Beach"",""name"":""Santa Rosa Beach"",""type"":""ADMINISTRATIVE_AREA_LEVEL_3""},{""code"":""US"",""name"":""United States"",""type"":""COUNTRY""}],""city"":""Santa Rosa Beach"",""location"":{""latitude"":30.3131398,""longitude"":-86.09131359999999},""countryFullname"":""United States"",""streetAddress"":{""apt"":"""",""name"":""East County Highway 30A"",""number"":""5231""},""formatted"":""5231 E County Hwy 30A, Santa Rosa Beach, FL 32459, USA"",""country"":""US"",""postalCode"":""32459"",""subdivision"":""FL""}","(850) 213-3684","","$$","Buddys Seafood Market provides fresh local seafood and prepared items for takeout or cooking at home. A convenient seafood stop along 30A.","Mon-Fri: 10am-6pm Sat & Sun: 10am-6pm","/restaurants1/","","","","[""Casual Dining""]","[""Seafood""]","[""Lunch""]","[""Seafood Market""]","ChIJlarzM4rvk4gRUDDlgXa3hvQ","[""In Review""]","[""In Review""]","[""In Review""]","[""In Review""]","[""In Review""]","[""In Review""]","[""Coming Soon""]","https://www.facebook.com/Buddys30a","https://www.instagram.com/buddysseafoodmarket/","[""Yes""]","[""Food Market / Prepared Food""]","Buddys Seafood Market Food Market Prepared Food American Casual Dining Seagrove Beach","79f0181d-64f2-4b65-a024-0086d95fd1d5","2026-04-28T00:54:08Z","2026-09-30T14:00:00Z","de29ed44-ed1b-41d4-b93d-94f3e3c2dc4d","2026-04-28T00:48:06Z","","[""In Review""]"
"PUBLISHED","Bud & Alley’s Taco Bar","bud-and-alleys-taco-bar-seaside","/restaurants/bud-alleys-taco-bar","Seaside","seaside","Seaside","","{""subdivisions"":[{""code"":""FL"",""name"":""Florida"",""type"":""ADMINISTRATIVE_AREA_LEVEL_1""},{""code"":""Walton County"",""name"":""Walton County"",""type"":""ADMINISTRATIVE_AREA_LEVEL_2""},{""code"":""Santa Rosa Beach"",""name"":""Santa Rosa Beach"",""type"":""ADMINISTRATIVE_AREA_LEVEL_3""},{""code"":""US"",""name"":""United States"",""type"":""COUNTRY""}],""city"":""Santa Rosa Beach"",""location"":{""latitude"":30.3194598,""longitude"":-86.1376636},""countryFullname"":""United States"",""streetAddress"":{""apt"":"""",""name"":""East County Highway 30A"",""number"":""2236""},""formatted"":""2236 E County Hwy 30A, Santa Rosa Beach, FL 32459, USA"",""country"":""US"",""postalCode"":""32459-6210"",""subdivision"":""FL""}","(850) 231-5900","https://www.budandalleys.com/","$$","Bud & Alley’s Taco Bar serves fresh tacos in a casual environment. A great option for a quick, flavorful meal.","Mon-Fri: Lunch & dinner, exact hours unclear Sat & Sun: Lunch & dinner, exact hours unclear","/restaurants1/","","","","[""Casual Dining""]","[""Mexican""]","[""Lunch"",""Dinner""]","[""Tacos""]","ChIJbcV4FOPkk4gR5fojSHGKtlM","[""In Review""]","[""In Review""]","[""In Review""]","[""Yes""]","[""In Review""]","[""In Review""]","[""Coming Soon""]","","https://www.instagram.com/budandalleystacobar/","[""Yes""]","[""Quick Service""]","Bud & Alley’s Taco Bar Quick Service Tacos Mexican Casual Dining Seaside","7c9f1cfd-383a-4538-9639-5a274af65d2a","2026-04-19T20:00:16Z","2026-05-09T12:20:25Z","de29ed44-ed1b-41d4-b93d-94f3e3c2dc4d","2026-04-19T20:00:16Z","","[""In Review""]"
"PUBLISHED","Playa Bowls","playa-bowls-rosemary-beach","/restaurants/playa-bowls","Rosemary Beach","rosemary-beach","Rosemary Beach","","{""subdivisions"":[{""code"":""FL"",""name"":""Florida"",""type"":""ADMINISTRATIVE_AREA_LEVEL_1""},{""code"":""Walton County"",""name"":""Walton County"",""type"":""ADMINISTRATIVE_AREA_LEVEL_2""},{""code"":""Rosemary Beach"",""name"":""Rosemary Beach"",""type"":""ADMINISTRATIVE_AREA_LEVEL_3""},{""code"":""US"",""name"":""United States"",""type"":""COUNTRY""}],""city"":""Rosemary Beach"",""location"":{""latitude"":30.2790833,""longitude"":-86.01705869999999},""countryFullname"":""United States"",""streetAddress"":{""apt"":"""",""name"":""Main Street"",""number"":""58""},""formatted"":""58 Main St, Rosemary Beach, FL 32461, USA"",""country"":""US"",""postalCode"":""32461"",""subdivision"":""FL""}","(850) 399-4042","https://playabowls.com/","$","Playa Bowls serves healthy bowls and smoothies in a grab-and-go format. A fresh and quick option.","Mon-Fri: 8am-7pm Sat & Sun: 8am-7pm","/restaurants1/","","","","[""Casual Dining""]","[""American""]","[""Lunch"",""Dinner""]","[""Juice & Bowls"",""Smoothies""]","ChIJZbHrvGrxk4gR9SmpjzFNr9c","[""In Review""]","[""In Review""]","[""In Review""]","[""Yes""]","[""In Review""]","[""In Review""]","[""Coming Soon""]","https://www.facebook.com/PlayaBowls/","https://www.instagram.com/playabowls/","[""Yes""]","[""Cafe / Coffee""]","Playa Bowls Cafe Coffee Juice Bowls Smoothies American Casual Dining Rosemary Beach","7eb2c303-9397-4eca-bfb6-cc5cf20951ef","2026-04-19T20:00:16Z","2026-09-30T14:00:00Z","de29ed44-ed1b-41d4-b93d-94f3e3c2dc4d","2026-04-19T20:00:16Z","","[""In Review""]"
"PUBLISHED","Amigos 30A Mexican Kitchen","amigos-30a-mexican-kitchen-inlet-beach","/restaurants/amigos-30a-mexican-kitchen","Inlet Beach","inlet-beach","Inlet Beach | 30Avenue","30Avenue","{""subdivisions"":[{""code"":""FL"",""name"":""Florida"",""type"":""ADMINISTRATIVE_AREA_LEVEL_1""},{""code"":""Walton County"",""name"":""Walton County"",""type"":""ADMINISTRATIVE_AREA_LEVEL_2""},{""code"":""Inlet Beach"",""name"":""Inlet Beach"",""type"":""ADMINISTRATIVE_AREA_LEVEL_4""},{""code"":""US"",""name"":""United States"",""type"":""COUNTRY""}],""city"":""Walton County"",""location"":{""latitude"":30.2816501,""longitude"":-86.00922249999999},""countryFullname"":""United States"",""streetAddress"":{""apt"":""Suite Q101"",""name"":""U.S. 98"",""number"":""12805""},""formatted"":""12805 US-98 Suite Q101, Inlet Beach, FL 32461, USA"",""country"":""US"",""postalCode"":""32461"",""subdivision"":""FL""}","(850) 909-0555","https://amigos30a.com/","$$","Amigos Mexican Kitchen offers traditional Mexican fare in a relaxed setting. A go-to for tacos.","Mon-Fri: 11am-9pm Sat & Sun: 11am-9pm","/restaurants1/","","","","[""Casual Dining""]","[""Mexican""]","[""Lunch"",""Dinner""]","[""Tacos""]","ChIJ5VcmOwvzk4gRsb_ad4IsBXM","[""In Review""]","[""In Review""]","[""In Review""]","[""In Review""]","[""In Review""]","[""In Review""]","[""Coming Soon""]","https://www.facebook.com/amigos30A","https://www.instagram.com/amigos30a/","[""Yes""]","[""Restaurant""]","Amigos 30A Mexican Kitchen Restaurant Tacos Mexican Casual Dining Inlet Beach","7edb778c-042c-478a-b9d7-f63f8dbccb84","2026-04-19T20:00:16Z","2026-05-09T12:20:25Z","de29ed44-ed1b-41d4-b93d-94f3e3c2dc4d","2026-04-19T20:00:16Z","","[""Yes""]"
"PUBLISHED","Amici 30A Italian Kitchen","amici-30a-italian-kitchen-inlet-beach","/restaurants/amici-30a-italian-kitchen","Inlet Beach","inlet-beach","Inlet Beach | 30Avenue","30Avenue","{""subdivisions"":[{""code"":""FL"",""name"":""Florida"",""type"":""ADMINISTRATIVE_AREA_LEVEL_1""},{""code"":""Walton County"",""name"":""Walton County"",""type"":""ADMINISTRATIVE_AREA_LEVEL_2""},{""code"":""Inlet Beach"",""name"":""Inlet Beach"",""type"":""ADMINISTRATIVE_AREA_LEVEL_4""},{""code"":""US"",""name"":""United States"",""type"":""COUNTRY""}],""city"":""Walton County"",""location"":{""latitude"":30.280693,""longitude"":-86.0096013},""countryFullname"":""United States"",""streetAddress"":{""apt"":""Suite R101"",""name"":""U.S. 98"",""number"":""12805""},""formatted"":""12805 US-98 Suite R101, Inlet Beach, FL 32461, USA"",""country"":""US"",""postalCode"":""32461"",""subdivision"":""FL""}","(850) 909-0555","https://amici30a.com/","$$","Amici Italian Kitchen serves classic Italian dishes in a casual environment. A welcoming spot.","Mon-Fri: 11am-9pm Sat & Sun: 11am-9pm","/restaurants1/","","","","[""Casual Dining""]","[""Italian""]","[""Lunch"",""Dinner""]","[""Pasta""]","ChIJxRNgVQDyk4gRdkdJaTyq0eg","[""In Review""]","[""In Review""]","[""In Review""]","[""In Review""]","[""In Review""]","[""In Review""]","[""Coming Soon""]","https://www.facebook.com/amici30A","https://www.instagram.com/amici30a/","[""Yes""]","[""Restaurant""]","Amici 30A Italian Kitchen Restaurant Pasta Italian Casual Dining Inlet Beach","8108ba8c-4953-47df-8bd5-9fcfe0f7b85f","2026-04-19T20:00:16Z","2026-05-09T12:20:25Z","de29ed44-ed1b-41d4-b93d-94f3e3c2dc4d","2026-04-19T20:00:16Z","","[""Yes""]"
"PUBLISHED","Goatfeathers Seafood Market","goatfeathers-seafood-market-inlet-beach","/restaurants/goatfeathers-seafood-market","Inlet Beach","inlet-beach","Inlet Beach | 30Avenue","30Avenue","{""subdivisions"":[{""code"":""FL"",""name"":""Florida"",""type"":""ADMINISTRATIVE_AREA_LEVEL_1""},{""code"":""Walton County"",""name"":""Walton County"",""type"":""ADMINISTRATIVE_AREA_LEVEL_2""},{""code"":""Inlet Beach"",""name"":""Inlet Beach"",""type"":""ADMINISTRATIVE_AREA_LEVEL_4""},{""code"":""US"",""name"":""United States"",""type"":""COUNTRY""},{""code"":""Inlet Beach"",""name"":""Inlet Beach"",""type"":""ADMINISTRATIVE_AREA_LEVEL_3""}],""city"":""Inlet Beach"",""location"":{""latitude"":30.2816501,""longitude"":-86.00922249999999},""countryFullname"":""United States"",""streetAddress"":{""apt"":""Suite O101"",""name"":""U.S. 98"",""number"":""12805""},""formatted"":""12805 US-98 Suite O101, Inlet Beach, FL 32461, USA"",""country"":""US"",""postalCode"":""32461"",""subdivision"":""FL""}","(850) 909-0090","https://goatfeathersseafood.com/","$$","Goatfeathers’ 30Avenue market and cafe in Inlet Beach sells fresh seafood to go and plates to eat there.","Mon-Fri: 11am-8pm Sat & Sun: 11am-8pm","/restaurants1/","","","","[""Grab & Go""]","[""Seafood""]","[""Lunch"",""Dinner""]","[""Seafood Market""]","ChIJM-inoKbzk4gRi0fmcB2ZAto","[""In Review""]","[""In Review""]","[""In Review""]","[""In Review""]","[""In Review""]","[""In Review""]","[""Coming Soon""]","https://www.facebook.com/goatfeathersrestaurant","https://www.instagram.com/goatfeathers30a/","[""Yes""]","[""Food Market / Prepared Food""]","Goatfeathers Seafood Market Food Market Prepared Food Seafood Market Seafood Grab Go Inlet Beach","8114db33-9088-439b-95e4-51dd80efac38","2026-04-19T20:00:16Z","2026-05-09T12:20:25Z","de29ed44-ed1b-41d4-b93d-94f3e3c2dc4d","2026-04-19T20:00:16Z","","[""In Review""]"
"PUBLISHED","Grayton Seafood Co.","grayton-seafood-co-grayton-beach","/restaurants/grayton-seafood-co.","Grayton Beach","grayton-beach","Grayton Beach","","{""subdivisions"":[{""code"":""FL"",""name"":""Florida"",""type"":""ADMINISTRATIVE_AREA_LEVEL_1""},{""code"":""Walton County"",""name"":""Walton County"",""type"":""ADMINISTRATIVE_AREA_LEVEL_2""},{""code"":""Santa Rosa Beach"",""name"":""Santa Rosa Beach"",""type"":""ADMINISTRATIVE_AREA_LEVEL_3""},{""code"":""US"",""name"":""United States"",""type"":""COUNTRY""}],""city"":""Santa Rosa Beach"",""location"":{""latitude"":30.33602,""longitude"":-86.16355209999999},""countryFullname"":""United States"",""streetAddress"":{""apt"":"""",""name"":""Uptown Grayton Circle"",""number"":""50""},""formatted"":""50 Uptown Grayton Cir, Santa Rosa Beach, FL 32459, USA"",""country"":""US"",""postalCode"":""32459-2803"",""subdivision"":""FL""}","(850) 534-0900","https://graytonseafood.com/","$$","Grayton Seafood Co. serves fresh seafood and raw bar favorites at dinner in Grayton Beach.","Tue-Fri 5pm-9pm, Mon closed Sat 5pm-9pm, Sun closed","/restaurants1/","","","","[""Casual Dining""]","[""Seafood""]","[""Dinner""]","[""Raw Bar""]","ChIJc_SS5GLkk4gRyRz1PKIOVb0","[""In Review""]","[""In Review""]","[""In Review""]","[""In Review""]","[""In Review""]","[""Yes""]","[""Coming Soon""]","https://www.facebook.com/GraytonSeafoodCo/","https://www.instagram.com/graytonseafoodco/","[""Yes""]","[""Restaurant""]","Grayton Seafood Co. Restaurant Raw Bar Seafood Casual Dining Grayton Beach","842a8267-e808-4210-8b81-96ce1ad692d4","2026-04-19T20:00:16Z","2026-05-09T12:20:25Z","de29ed44-ed1b-41d4-b93d-94f3e3c2dc4d","2026-04-19T20:00:16Z","","[""In Review""]"
"PUBLISHED","Amavida Coffee Roasters","amavida-coffee-roasters-rosemary-beach","/restaurants/amavida-coffee-roasters","Rosemary Beach","rosemary-beach","Rosemary Beach","","{""subdivisions"":[{""code"":""FL"",""name"":""Florida"",""type"":""ADMINISTRATIVE_AREA_LEVEL_1""},{""code"":""Walton County"",""name"":""Walton County"",""type"":""ADMINISTRATIVE_AREA_LEVEL_2""},{""code"":""Rosemary Beach"",""name"":""Rosemary Beach"",""type"":""ADMINISTRATIVE_AREA_LEVEL_3""},{""code"":""US"",""name"":""United States"",""type"":""COUNTRY""}],""city"":""Rosemary Beach"",""location"":{""latitude"":30.2806646,""longitude"":-86.01635569999999},""countryFullname"":""United States"",""streetAddress"":{""apt"":"""",""name"":""North Barrett Square"",""number"":""104""},""formatted"":""104 N Barrett Square, Rosemary Beach, FL 32461, USA"",""country"":""US"",""postalCode"":""32461"",""subdivision"":""FL""}","(850) 213-1965","https://amavida.com/","$","Amavida Coffee Roasters serves high-quality coffee in a casual café setting. A local favorite.","Mon-Fri: 6:30am-8pm Sat & Sun: 6:30am-8pm","/restaurants1/","","","","[""Casual Dining""]","[""American"",""Cafe""]","[""Breakfast""]","[""Coffee"",""Cafe""]","ChIJF18Kiv7xk4gRCl9WmfqOpVs","[""In Review""]","[""In Review""]","[""In Review""]","[""In Review""]","[""In Review""]","[""In Review""]","[""Coming Soon""]","https://www.facebook.com/AmavidaCoffeeSeaside","https://www.instagram.com/amavidacoffee/","[""Yes""]","[""Cafe / Coffee""]","Amavida Coffee Roasters Cafe Coffee Coffee Cafe American Casual Dining Rosemary Beach","88364fa2-7c05-491a-923d-db8ef83a2370","2026-04-19T20:00:16Z","2026-09-30T14:00:00Z","de29ed44-ed1b-41d4-b93d-94f3e3c2dc4d","2026-04-19T20:00:16Z","","[""In Review""]"
"PUBLISHED","Beach Happy Cafe","beach-happy-cafe-watercolor","/restaurants/beach-happy-cafe","WaterColor","watercolor","WaterColor","","{""subdivisions"":[{""code"":""FL"",""name"":""Florida"",""type"":""ADMINISTRATIVE_AREA_LEVEL_1""},{""code"":""Walton County"",""name"":""Walton County"",""type"":""ADMINISTRATIVE_AREA_LEVEL_2""},{""code"":""Santa Rosa Beach"",""name"":""Santa Rosa Beach"",""type"":""ADMINISTRATIVE_AREA_LEVEL_3""},{""code"":""US"",""name"":""United States"",""type"":""COUNTRY""}],""city"":""Santa Rosa Beach"",""location"":{""latitude"":30.3232096,""longitude"":-86.1449276},""countryFullname"":""United States"",""streetAddress"":{""apt"":""Unit 101-C"",""name"":""Watercolor Boulevard South"",""number"":""4""},""formatted"":""4 Watercolor Blvd S Unit 101-C, Santa Rosa Beach, FL 32459, USA"",""country"":""US"",""postalCode"":""32459"",""subdivision"":""FL""}","(850) 399-4028","https://beachhappycafe.com/?utm_source=eatingon30a&utm_medium=referral","$$","Beach Happy Cafe in WaterColor is the cafe that serves food.

See the current [menu](https://beachhappycafe.com/?utm_source=eatingon30a&utm_medium=referral), [hours](https://beachhappycafe.com/?utm_source=eatingon30a&utm_medium=referral), and [events](https://beachhappycafe.com/?utm_source=eatingon30a&utm_medium=referral).","Check website for hours","/restaurants1/","/images/restaurants/beach-happy-cafe-watercolor/01.jpg","/images/restaurants/beach-happy-cafe-watercolor/01.jpg","","[""Grab & Go""]","[""American"",""Cafe""]","[""Breakfast"",""Lunch""]","[""Cafe"",""Coffee"",""Smoothies"",""Ice Cream""]","ChIJa4ptVw_lk4gRKaCLRGygY3g","[""In Review""]","[""In Review""]","[""In Review""]","[""In Review""]","[""In Review""]","[""In Review""]","[""Coming Soon""]","https://www.facebook.com/beachhappycafe","https://www.instagram.com/beachhappy30a/","[""Yes""]","[""Cafe / Coffee""]","Beach Happy Cafe Cafe Coffee Cafe Coffee Smoothies Ice Cream American Grab Go WaterColor","8ab2a786-451e-4077-8772-81c8ee011d75","2026-04-19T20:00:16Z","2026-10-05T15:00:00Z","de29ed44-ed1b-41d4-b93d-94f3e3c2dc4d","2026-04-19T20:00:16Z","","[""In Review""]"
"PUBLISHED","Meltdown on 30A","meltdown-on-30a-seaside","/restaurants/meltdown-on-30a","Seaside","seaside","Seaside | Airstream Row","Airstream Row","{""subdivisions"":[{""code"":""FL"",""name"":""Florida"",""type"":""ADMINISTRATIVE_AREA_LEVEL_1""},{""code"":""Walton County"",""name"":""Walton County"",""type"":""ADMINISTRATIVE_AREA_LEVEL_2""},{""code"":""Santa Rosa Beach"",""name"":""Santa Rosa Beach"",""type"":""ADMINISTRATIVE_AREA_LEVEL_3""},{""code"":""US"",""name"":""United States"",""type"":""COUNTRY""}],""city"":""Santa Rosa Beach"",""location"":{""latitude"":30.3194598,""longitude"":-86.1376636},""countryFullname"":""United States"",""streetAddress"":{""apt"":"""",""name"":""East County Highway 30A"",""number"":""2235""},""formatted"":""2235 E County Hwy 30A, Santa Rosa Beach, FL 32459, USA"",""country"":""US"",""postalCode"":""32459-6210"",""subdivision"":""FL""}","(850) 231-0952","","$$","Meltdown on 30A is an Airstream on Seaside’s row, making grilled cheese sandwiches.","Mon-Fri: 11am-9pm Sat & Sun: 11am-9pm","/restaurants1/","","","","[""Fast Casual""]","[""American""]","[""Lunch"",""Dinner""]","[""Sandwiches""]","ChIJFT41FuPkk4gRkvNyyvYcoqA","[""In Review""]","[""In Review""]","[""In Review""]","[""In Review""]","[""In Review""]","[""In Review""]","[""Coming Soon""]","https://www.facebook.com/meltdownon30a","https://www.instagram.com/meltdownon30a/","[""Yes""]","[""Food Truck""]","Meltdown on 30A Food Truck Sandwiches American Fast Casual Seaside","8dfabf7c-ce58-46ba-80b8-bcd0b42265b7","2026-04-19T20:00:16Z","2026-05-09T12:20:25Z","de29ed44-ed1b-41d4-b93d-94f3e3c2dc4d","2026-04-19T20:00:16Z","","[""In Review""]"
"PUBLISHED","Red Fish Taco","red-fish-taco-blue-mountain-beach","/restaurants/red-fish-taco","Blue Mountain Beach","blue-mountain-beach","Blue Mountain Beach","","{""subdivisions"":[{""code"":""FL"",""name"":""Florida"",""type"":""ADMINISTRATIVE_AREA_LEVEL_1""},{""code"":""Walton County"",""name"":""Walton County"",""type"":""ADMINISTRATIVE_AREA_LEVEL_2""},{""code"":""Santa Rosa Beach"",""name"":""Santa Rosa Beach"",""type"":""ADMINISTRATIVE_AREA_LEVEL_3""},{""code"":""US"",""name"":""United States"",""type"":""COUNTRY""}],""city"":""Santa Rosa Beach"",""location"":{""latitude"":30.3410213,""longitude"":-86.2004817},""countryFullname"":""United States"",""streetAddress"":{""apt"":"""",""name"":""West County Highway 30A"",""number"":""2052""},""formatted"":""2052 W County Hwy 30A, Santa Rosa Beach, FL 32459, USA"",""country"":""US"",""postalCode"":""32459"",""subdivision"":""FL""}","(850) 994-7443","https://www.redfishtaco.com/","$$","Red Fish Taco is known for fresh tacos, margaritas, and live music in a lively, upbeat atmosphere. It is a good place for watching sports. A fun and flavorful stop.","Daily 11am-9pm, year-round.","/restaurants1/","","","","[""Casual Dining"",""Live Music""]","[""Mexican""]","[""Lunch"",""Dinner""]","[""Tacos""]","ChIJG7NqQq3jk4gR0YlzUIdsSwI","[""In Review""]","[""In Review""]","[""Yes""]","[""Yes""]","[""In Review""]","[""In Review""]","[""Coming Soon""]","https://www.facebook.com/redfishtaco","https://www.instagram.com/redfishtaco/","[""Yes""]","[""Bar & Restaurant""]","Red Fish Taco Bar Restaurant Tacos Mexican Casual Dining Live Music Blue Mountain Beach","8f411807-ad91-4068-bf17-cbb2fed48664","2026-04-19T20:00:16Z","2026-05-09T12:20:25Z","de29ed44-ed1b-41d4-b93d-94f3e3c2dc4d","2026-04-19T20:00:16Z","","[""In Review""]"
"PUBLISHED","Angelina’s Pizzeria & Pasta","angelinas-pizzeria-and-pasta-seagrove-beach","/restaurants/angelinas-pizzeria-pasta","Seagrove Beach","seagrove-beach","Seagrove Beach","","{""subdivisions"":[{""code"":""FL"",""name"":""Florida"",""type"":""ADMINISTRATIVE_AREA_LEVEL_1""},{""code"":""Walton County"",""name"":""Walton County"",""type"":""ADMINISTRATIVE_AREA_LEVEL_2""},{""code"":""Santa Rosa Beach"",""name"":""Santa Rosa Beach"",""type"":""ADMINISTRATIVE_AREA_LEVEL_3""},{""code"":""US"",""name"":""United States"",""type"":""COUNTRY""}],""city"":""Santa Rosa Beach"",""location"":{""latitude"":30.3124212,""longitude"":-86.1112816},""countryFullname"":""United States"",""streetAddress"":{""apt"":"""",""name"":""East County Highway 30A"",""number"":""4005""},""formatted"":""4005 E County Hwy 30A, Santa Rosa Beach, FL 32459, USA"",""country"":""US"",""postalCode"":""32459-6455"",""subdivision"":""FL""}","(850) 231-2500","https://angelinas30a.com/","$$","Angelina’s offers Italian favorites like pasta and pizza in a relaxed environment. Great for family dining.","Mon-Thu 11am-9:30pm, Fri 11am-10pm Sat 11am-10pm, Sun 11am-9:30pm","/restaurants1/","","","","[""Casual Dining""]","[""Italian""]","[""Lunch"",""Dinner""]","[""Pizza"",""Pasta""]","ChIJ4aMyqWvlk4gRfLPJqn3XGYY","[""In Review""]","[""In Review""]","[""In Review""]","[""In Review""]","[""In Review""]","[""No""]","[""Coming Soon""]","https://www.facebook.com/Angelinaspizza30a","https://www.instagram.com/angelinas30a/","[""Yes""]","[""Restaurant""]","Angelina’s Pizzeria & Pasta Restaurant Pizza Pasta Italian Casual Dining Seagrove Beach","93d06197-29aa-422a-87a6-418c6646d3be","2026-04-19T20:00:16Z","2026-05-09T12:20:25Z","de29ed44-ed1b-41d4-b93d-94f3e3c2dc4d","2026-04-19T20:00:16Z","","[""In Review""]"
"PUBLISHED","Pescado Seafood Grill & Rooftop Bar","pescado-seafood-grill-and-rooftop-bar-rosemary-beach","/restaurants/pescado-seafood-grill-%26-rooftop-bar","Rosemary Beach","rosemary-beach","Rosemary Beach","","{""subdivisions"":[{""code"":""FL"",""name"":""Florida"",""type"":""ADMINISTRATIVE_AREA_LEVEL_1""},{""code"":""Walton County"",""name"":""Walton County"",""type"":""ADMINISTRATIVE_AREA_LEVEL_2""},{""code"":""Rosemary Beach"",""name"":""Rosemary Beach"",""type"":""ADMINISTRATIVE_AREA_LEVEL_3""},{""code"":""Inlet Beach"",""name"":""Inlet Beach"",""type"":""ADMINISTRATIVE_AREA_LEVEL_4""},{""code"":""US"",""name"":""United States"",""type"":""COUNTRY""}],""city"":""Rosemary Beach"",""location"":{""latitude"":30.279582,""longitude"":-86.016988},""countryFullname"":""United States"",""streetAddress"":{""apt"":"""",""name"":""Town Hall Road"",""number"":""74""},""formatted"":""74 Town Hall Rd, Rosemary Beach, FL 32461, USA"",""country"":""US"",""postalCode"":""32461-5087"",""subdivision"":""FL""}","(850) 213-4600","https://rooftop30a.com/","$$$","Pescado delivers seafood and cocktails with rooftop views. A premium sunset dining spot.","Mon-Thu 4pm-10pm, Fri 9:45am-10:30pm Sat 9:45am-10:30pm, Sun 9:45am-10pm","/restaurants1/","","","","[""Grab & Go""]","[""Seafood""]","[""Lunch"",""Dinner""]","[""Raw Bar""]","ChIJt46jhf7xk4gRm23ZVC2LEIg","[""In Review""]","[""In Review""]","[""In Review""]","[""Yes""]","[""In Review""]","[""Yes""]","[""Coming Soon""]","https://www.facebook.com/pescado30a","https://www.instagram.com/pescado30a/","[""No""]","[""Bar & Restaurant""]","Pescado Seafood Grill & Rooftop Bar Bar Restaurant Raw Bar Seafood Grab Go Rosemary Beach","952f44b3-fe82-4f74-a3d9-48657f66fb1b","2026-04-19T20:00:16Z","2026-09-30T14:00:00Z","de29ed44-ed1b-41d4-b93d-94f3e3c2dc4d","2026-04-19T20:00:16Z","","[""Yes""]"
"PUBLISHED","Blue Mountain Bakery","blue-mountain-bakery-blue-mountain-beach","/restaurants/blue-mountain-bakery","Blue Mountain Beach","blue-mountain-beach","Blue Mountain Beach","","{""subdivisions"":[{""code"":""FL"",""name"":""Florida"",""type"":""ADMINISTRATIVE_AREA_LEVEL_1""},{""code"":""Walton County"",""name"":""Walton County"",""type"":""ADMINISTRATIVE_AREA_LEVEL_2""},{""code"":""Santa Rosa Beach"",""name"":""Santa Rosa Beach"",""type"":""ADMINISTRATIVE_AREA_LEVEL_3""},{""code"":""US"",""name"":""United States"",""type"":""COUNTRY""}],""city"":""Santa Rosa Beach"",""location"":{""latitude"":30.3401703,""longitude"":-86.2035238},""countryFullname"":""United States"",""streetAddress"":{""apt"":"""",""name"":""West County Highway 30A"",""number"":""2217""},""formatted"":""2217 W County Hwy 30A, Santa Rosa Beach, FL 32459, USA"",""country"":""US"",""postalCode"":""32459-5186"",""subdivision"":""FL""}","(850) 267-0400","https://www.bluemountainbakery.com/","$$","Blue Mountain Bakery is a cozy spot for fresh pastries, coffee, and light bites. Perfect for a relaxed morning along 30A.","Mon-Fri: 7am-2pm Sat 7am-2pm, Sun closed","/restaurants1/","","","","[""Casual Dining""]","[""American"",""Cafe""]","[""Breakfast"",""Lunch""]","[""Bakery"",""Cafe""]","ChIJRVNEeabjk4gRm38SVsuWh28","[""In Review""]","[""In Review""]","[""In Review""]","[""In Review""]","[""In Review""]","[""In Review""]","[""Coming Soon""]","https://www.facebook.com/BMB30A","https://www.instagram.com/bluemountainbakery/","[""Yes""]","[""Cafe / Coffee""]","Blue Mountain Bakery Cafe Coffee Bakery Cafe American Casual Dining Blue Mountain Beach","9d38ef6e-1bca-4c92-aa62-311c18c2ff05","2026-04-19T20:00:16Z","2026-05-09T12:20:25Z","de29ed44-ed1b-41d4-b93d-94f3e3c2dc4d","2026-04-19T20:00:16Z","","[""In Review""]"
"PUBLISHED","Salty Butcher","salty-butcher","/restaurants/salty-butcher","Seagrove Beach","seagrove-beach","Seagrove Beach","","{""subdivisions"":[{""code"":""FL"",""name"":""Florida"",""type"":""ADMINISTRATIVE_AREA_LEVEL_1""},{""code"":""Walton County"",""name"":""Walton County"",""type"":""ADMINISTRATIVE_AREA_LEVEL_2""},{""code"":""Santa Rosa Beach"",""name"":""Santa Rosa Beach"",""type"":""ADMINISTRATIVE_AREA_LEVEL_3""},{""code"":""US"",""name"":""United States"",""type"":""COUNTRY""}],""city"":""Santa Rosa Beach"",""location"":{""latitude"":30.3121634,""longitude"":-86.099245},""countryFullname"":""United States"",""streetAddress"":{""apt"":""101"",""name"":""East County Highway 30A"",""number"":""4749""},""formatted"":""4749 E County Hwy 30A #101, Santa Rosa Beach, FL 32459, USA"",""country"":""US"",""postalCode"":""32459"",""subdivision"":""FL""}","(448) 333-1050","https://thesaltybutcher30a.com","$$","Salty Butcher offers gourmet sandwiches, meats, and casual lunch favorites in a modern setting. A great quick stop in Seagrove Beach.","Mon-Fri: 10am-6pm Sat & Sun: 10am-6pm","/restaurants1/","","","","[""Casual Dining""]","[""American""]","[""Lunch""]","[""Sandwiches""]","ChIJT6vuGtHlk4gRJbHDtULNxIk","[""In Review""]","[""In Review""]","[""In Review""]","[""In Review""]","[""In Review""]","[""In Review""]","[""Coming Soon""]","https://www.facebook.com/profile.php?id=100078945071980","https://www.instagram.com/saltybutcher/","[""Yes""]","[""Quick Service""]","Salty Butcher Quick Service American Casual Dining Seagrove Beach","9d763317-6b38-43eb-9a65-e419da543ae7","2026-04-28T00:54:08Z","2026-09-30T12:00:00Z","de29ed44-ed1b-41d4-b93d-94f3e3c2dc4d","2026-04-28T00:48:06Z","","[""In Review""]"
"PUBLISHED","Goatfeathers Seafood Restaurant","goatfeathers-seafood-restaurant-dune-allen-beach","/restaurants/goatfeathers-seafood-restaurant","Dune Allen Beach","dune-allen-beach","Dune Allen Beach","","{""subdivisions"":[{""code"":""FL"",""name"":""Florida"",""type"":""ADMINISTRATIVE_AREA_LEVEL_1""},{""code"":""Walton County"",""name"":""Walton County"",""type"":""ADMINISTRATIVE_AREA_LEVEL_2""},{""code"":""Santa Rosa Beach"",""name"":""Santa Rosa Beach"",""type"":""ADMINISTRATIVE_AREA_LEVEL_3""},{""code"":""US"",""name"":""United States"",""type"":""COUNTRY""}],""city"":""Santa Rosa Beach"",""location"":{""latitude"":30.3466402,""longitude"":-86.2212809},""countryFullname"":""United States"",""streetAddress"":{""apt"":"""",""name"":""West County Highway 30A"",""number"":""3865""},""formatted"":""3865 W County Hwy 30A, Santa Rosa Beach, FL 32459, USA"",""country"":""US"",""postalCode"":""32459-0208"",""subdivision"":""FL""}","(850) 267-2627","https://goatfeathersseafood.com/","$$","Goatfeathers’ dining room at 3865 W County Highway 30A is marked temporarily closed on the restaurant’s site. The west seafood market at the same address is still listed there.","Mon-Fri: 11am-9pm Sat & Sun: 11am-9pm","/restaurants1/","","","","[""Casual Dining""]","[""Seafood""]","[""Lunch"",""Dinner""]","[""Seafood Market""]","ChIJv-j6AU7ik4gRxGHqEDRxFs8","[""In Review""]","[""In Review""]","[""In Review""]","[""In Review""]","[""In Review""]","[""In Review""]","[""Coming Soon""]","https://www.facebook.com/goatfeathersrestaurant","https://www.instagram.com/goatfeathers30a/","[""Yes""]","[""Restaurant""]","Goatfeathers Seafood Restaurant Restaurant Seafood Market Seafood Casual Dining Dune Allen Beach","9ec676af-abdd-4d7b-bb2d-cbbb025eb36d","2026-04-19T20:00:16Z","2026-05-09T12:20:25Z","de29ed44-ed1b-41d4-b93d-94f3e3c2dc4d","2026-04-19T20:00:16Z","","[""In Review""]"
"PUBLISHED","Great Southern Cafe","great-southern-cafe-seaside","/restaurants/great-southern-cafe","Seaside","seaside","Seaside | Town Center","Town Center","{""subdivisions"":[{""code"":""FL"",""name"":""Florida"",""type"":""ADMINISTRATIVE_AREA_LEVEL_1""},{""code"":""Walton County"",""name"":""Walton County"",""type"":""ADMINISTRATIVE_AREA_LEVEL_2""},{""code"":""Santa Rosa Beach"",""name"":""Santa Rosa Beach"",""type"":""ADMINISTRATIVE_AREA_LEVEL_3""},{""code"":""US"",""name"":""United States"",""type"":""COUNTRY""}],""city"":""Santa Rosa Beach"",""location"":{""latitude"":30.3206462,""longitude"":-86.1372932},""countryFullname"":""United States"",""streetAddress"":{""apt"":"""",""name"":""Central Square"",""number"":""83""},""formatted"":""83 Central Square, Santa Rosa Beach, FL 32459, USA"",""country"":""US"",""postalCode"":""32459-0808"",""subdivision"":""FL""}","(850) 752-9191","https://www.greatsoutherncafe.com/","$$","Great Southern Cafe is Jim Shirley’s Seaside restaurant on Central Square, blending Southern cooking with Gulf seafood. Open daily from 8am, with breakfast until 10:45am.","Daily 8am-9:30pm. Breakfast until 10:45am, then lunch and dinner.","/restaurants1/","","","","[""Casual Dining""]","[""American"",""Southern""]","[""Breakfast"",""Lunch"",""Dinner""]","[""Bistro""]","ChIJJx-JJuPkk4gRA2hYJd_ieMM","[""Yes""]","[""In Review""]","[""In Review""]","[""In Review""]","[""In Review""]","[""In Review""]","[""Coming Soon""]","https://www.facebook.com/GreatSouthernCafe","https://www.instagram.com/greatsoutherncafe/","[""Yes""]","[""Restaurant""]","Great Southern Cafe Restaurant Bistro American Southern Casual Dining Seaside","9fe492ac-097d-4efb-81e1-71597fa4f9c9","2026-04-19T20:00:16Z","2026-05-09T12:20:25Z","de29ed44-ed1b-41d4-b93d-94f3e3c2dc4d","2026-04-19T20:00:16Z","","[""In Review""]"
"PUBLISHED","Goatfeathers Seafood Market (East)","goatfeathers-seafood-market-east-location-seagrove-beach","/restaurants/goatfeathers-seafood-market-(east-location)","Seagrove Beach","seagrove-beach","Seagrove Beach","","{""subdivisions"":[{""code"":""FL"",""name"":""Florida"",""type"":""ADMINISTRATIVE_AREA_LEVEL_1""},{""code"":""Walton County"",""name"":""Walton County"",""type"":""ADMINISTRATIVE_AREA_LEVEL_2""},{""code"":""Santa Rosa Beach"",""name"":""Santa Rosa Beach"",""type"":""ADMINISTRATIVE_AREA_LEVEL_3""},{""code"":""US"",""name"":""United States"",""type"":""COUNTRY""}],""city"":""Santa Rosa Beach"",""location"":{""latitude"":30.3113968,""longitude"":-86.1099179},""countryFullname"":""United States"",""streetAddress"":{""apt"":"""",""name"":""East County Highway 30A"",""number"":""4042""},""formatted"":""4042 E County Hwy 30A, Santa Rosa Beach, FL 32459, USA"",""country"":""US"",""postalCode"":""32459"",""subdivision"":""FL""}","(850) 231-4004","https://goatfeathersseafood.com/","$$","Goatfeathers’ Seagrove market sells local seafood to go at 4042 E County Highway 30A, open daily from 10am to 6pm.","Mon-Fri: 10am-6pm Sat & Sun: 10am-6pm","/restaurants1/","","","","[""Grab & Go""]","[""Seafood""]","[""Lunch"",""Dinner""]","[""Seafood Market""]","ChIJNVm2Nmrlk4gRjXd8RvmILew","[""In Review""]","[""In Review""]","[""In Review""]","[""In Review""]","[""In Review""]","[""In Review""]","[""Coming Soon""]","https://www.facebook.com/goatfeathersrestaurant","https://www.instagram.com/goatfeathers30a/","[""Yes""]","[""Food Market / Prepared Food""]","Goatfeathers Seafood Market (East) Food Market Prepared Food Seafood Market Seafood Grab Go Seagrove Beach","a25e949b-2555-443f-91b0-c05a0df59485","2026-04-19T20:00:16Z","2026-05-09T12:20:25Z","de29ed44-ed1b-41d4-b93d-94f3e3c2dc4d","2026-04-19T20:00:16Z","","[""In Review""]"
"PUBLISHED","Modica Market","modica-market-seaside","/restaurants/modica-market","Seaside","seaside","Seaside | Town Center","Town Center","{""subdivisions"":[{""code"":""FL"",""name"":""Florida"",""type"":""ADMINISTRATIVE_AREA_LEVEL_1""},{""code"":""Walton County"",""name"":""Walton County"",""type"":""ADMINISTRATIVE_AREA_LEVEL_2""},{""code"":""Santa Rosa Beach"",""name"":""Santa Rosa Beach"",""type"":""ADMINISTRATIVE_AREA_LEVEL_3""},{""code"":""US"",""name"":""United States"",""type"":""COUNTRY""}],""city"":""Santa Rosa Beach"",""location"":{""latitude"":30.3200924,""longitude"":-86.13681600000001},""countryFullname"":""United States"",""streetAddress"":{""apt"":"""",""name"":""Central Square"",""number"":""109""},""formatted"":""109 Central Square, Santa Rosa Beach, FL 32459, USA"",""country"":""US"",""postalCode"":""32459"",""subdivision"":""FL""}","(850) 231-1214","https://modicamarket.com/","$$","Modica Market is a local institution offering deli sandwiches and specialty goods. Perfect for quick bites or picnic supplies.","Mon-Fri: 7am-6pm Sat & Sun: 7am-6pm","/restaurants1/","","","","[""Grab & Go""]","[""American""]","[""Breakfast"",""Lunch""]","[""Market"",""Sandwiches""]","ChIJe-k0IOPkk4gRwcKr0cEFJP8","[""In Review""]","[""In Review""]","[""In Review""]","[""In Review""]","[""In Review""]","[""In Review""]","[""Coming Soon""]","https://www.facebook.com/ModicaMarket","https://www.instagram.com/modicamarket/","[""Yes""]","[""Food Market / Prepared Food""]","Modica Market Food Market Prepared Food Market Sandwiches American Grab Go Seaside","a4e884fd-873b-4180-93eb-c1dab4bada23","2026-04-19T20:00:16Z","2026-05-09T12:20:25Z","de29ed44-ed1b-41d4-b93d-94f3e3c2dc4d","2026-04-19T20:00:16Z","","[""In Review""]"
"PUBLISHED","Lola Coastal Italian","lola-coastal-italian-seacrest","/restaurants/lola-coastal-italian","Seacrest","seacrest","Seacrest Beach","","{""subdivisions"":[{""code"":""FL"",""name"":""Florida"",""type"":""ADMINISTRATIVE_AREA_LEVEL_1""},{""code"":""Walton County"",""name"":""Walton County"",""type"":""ADMINISTRATIVE_AREA_LEVEL_2""},{""code"":""Rosemary Beach"",""name"":""Rosemary Beach"",""type"":""ADMINISTRATIVE_AREA_LEVEL_3""},{""code"":""Inlet Beach"",""name"":""Inlet Beach"",""type"":""ADMINISTRATIVE_AREA_LEVEL_4""},{""code"":""US"",""name"":""United States"",""type"":""COUNTRY""}],""city"":""Rosemary Beach"",""location"":{""latitude"":30.2816635,""longitude"":-86.0196426},""countryFullname"":""United States"",""streetAddress"":{""apt"":"""",""name"":""East County Highway 30A"",""number"":""10343""},""formatted"":""10343 E County Hwy 30A, Inlet Beach, FL 32461, USA"",""country"":""US"",""postalCode"":""32461"",""subdivision"":""FL""}","(850) 588-2299","https://lolacoastalitalian.com/","$$$","Lola Coastal Italian blends Italian flavors with a coastal touch in an upscale setting. Ideal for dinner.","Mon-Fri: Unknown Sat & Sun: Unknown","/restaurants1/","","","","[""Upscale""]","[""Italian""]","[""Lunch"",""Dinner""]","[""Pasta""]","ChIJVVJMt-fxk4gRL0L4OaOP9x4","[""In Review""]","[""In Review""]","[""In Review""]","[""In Review""]","[""In Review""]","[""Yes""]","[""Coming Soon""]","https://www.facebook.com/lolacoastalitalian","https://www.instagram.com/lolacoastalitalian/","[""No""]","[""Restaurant""]","Lola Coastal Italian Restaurant Pasta Italian Upscale Seacrest","a8ac09b7-86ad-4605-b07f-9f0dcd1da4e5","2026-04-19T20:00:16Z","2026-05-09T12:20:25Z","de29ed44-ed1b-41d4-b93d-94f3e3c2dc4d","2026-04-19T20:00:16Z","","[""In Review""]"
"PUBLISHED","Shaka Sushi","shaka-sushi-and-noodle-bar-inlet-beach","/restaurants/shaka-sushi-and-noodle-bar","Inlet Beach","inlet-beach","Inlet Beach | 98 Corridor","98 Corridor","{""subdivisions"":[{""code"":""FL"",""name"":""Florida"",""type"":""ADMINISTRATIVE_AREA_LEVEL_1""},{""code"":""Walton County"",""name"":""Walton County"",""type"":""ADMINISTRATIVE_AREA_LEVEL_2""},{""code"":""Inlet Beach"",""name"":""Inlet Beach"",""type"":""ADMINISTRATIVE_AREA_LEVEL_4""},{""code"":""US"",""name"":""United States"",""type"":""COUNTRY""}],""city"":""Walton County"",""location"":{""latitude"":30.2745511,""longitude"":-85.9993712},""countryFullname"":""United States"",""streetAddress"":{""apt"":""Suite 5"",""name"":""U.S. 98"",""number"":""13625""},""formatted"":""13625 US-98 Suite 5, Inlet Beach, FL 32461, USA"",""country"":""US"",""postalCode"":""32461"",""subdivision"":""FL""}","(850) 909-0030","https://shaka30a.com/","$$","Shaka Sushi serves sushi in a casual environment. A relaxed option for sushi lovers.","Mon-Fri: 4pm-9pm Sat & Sun: 4pm-9pm","/restaurants1/","","","","[""Casual Dining""]","[""Japanese""]","[""Lunch"",""Dinner""]","[""Sushi"",""Noodles""]","ChIJoccMX6nzk4gRnhGU4oh2Dt4","[""Yes""]","[""Yes""]","[""In Review""]","[""Yes""]","[""In Review""]","[""No""]","[""Coming Soon""]","https://www.facebook.com/shaka30a","https://www.instagram.com/shakasushiandnoodlebar/","[""Yes""]","[""Restaurant""]","Shaka Sushi Restaurant Sushi Noodles Japanese Casual Dining Inlet Beach","ab5b3f81-05de-4330-b507-1b086d8afe71","2026-04-19T20:00:16Z","2026-05-09T12:20:25Z","de29ed44-ed1b-41d4-b93d-94f3e3c2dc4d","2026-04-19T20:00:16Z","","[""In Review""]"
"PUBLISHED","Basmati’s Asian Cuisine","basmatis-asian-cuisine-blue-mountain-beach","/restaurants/basmatis-asian-cuisine","Blue Mountain Beach","blue-mountain-beach","Blue Mountain Beach","","{""subdivisions"":[{""code"":""FL"",""name"":""Florida"",""type"":""ADMINISTRATIVE_AREA_LEVEL_1""},{""code"":""Walton County"",""name"":""Walton County"",""type"":""ADMINISTRATIVE_AREA_LEVEL_2""},{""code"":""Santa Rosa Beach"",""name"":""Santa Rosa Beach"",""type"":""ADMINISTRATIVE_AREA_LEVEL_3""},{""code"":""US"",""name"":""United States"",""type"":""COUNTRY""}],""city"":""Santa Rosa Beach"",""location"":{""latitude"":30.34862859999999,""longitude"":-86.2123699},""countryFullname"":""United States"",""streetAddress"":{""apt"":"""",""name"":""West County Highway 30A"",""number"":""3295""},""formatted"":""3295 W County Hwy 30A, Santa Rosa Beach, FL 32459, USA"",""country"":""US"",""postalCode"":""32459"",""subdivision"":""FL""}","(850) 267-3028","https://basmatisthirtya.com/","$$$","Basmati’s Asian Cuisine delivers fresh, refined Asian dishes in an upscale setting. Perfect for a quieter dinner experience.","Mon-Fri: 5pm-10pm Sat 5pm-10pm, Sun closed","/restaurants1/","","","","[""Fine Dining""]","[""Asian""]","[""Lunch"",""Dinner""]","[""Noodles""]","ChIJXYh-K7Ljk4gRkWBEpLq8Qbw","[""In Review""]","[""In Review""]","[""In Review""]","[""Yes""]","[""In Review""]","[""Yes""]","[""Coming Soon""]","https://www.facebook.com/BasmatisAsianCuisine","https://www.instagram.com/basmatis30a/","[""No""]","[""Restaurant""]","Basmati’s Asian Cuisine Restaurant Noodles Asian Fine Dining Blue Mountain Beach","acf99f28-bcab-4a89-82e3-f142cb9e1262","2026-04-19T20:00:16Z","2026-09-30T12:00:00Z","de29ed44-ed1b-41d4-b93d-94f3e3c2dc4d","2026-04-19T20:00:16Z","","[""In Review""]"
"PUBLISHED","Village Market Café + Bar","village-market-cafe-bar-watersound-origins","/restaurants/village-market-cafe-bar","Watersound Origins","watersound-origins","Watersound Origins | Town Center","Town Center","{""subdivisions"":[{""code"":""FL"",""name"":""Florida"",""type"":""ADMINISTRATIVE_AREA_LEVEL_1""},{""code"":""Walton County"",""name"":""Walton County"",""type"":""ADMINISTRATIVE_AREA_LEVEL_2""},{""code"":""Inlet Beach"",""name"":""Inlet Beach"",""type"":""ADMINISTRATIVE_AREA_LEVEL_4""},{""code"":""US"",""name"":""United States"",""type"":""COUNTRY""}],""city"":""Walton County"",""location"":{""latitude"":30.29568859999999,""longitude"":-86.0231543},""countryFullname"":""United States"",""streetAddress"":{""apt"":"""",""name"":""North Watersound Parkway"",""number"":""86""},""formatted"":""86 N Watersound Parkway, Inlet Beach, FL 32461, USA"",""country"":""US"",""postalCode"":""32461"",""subdivision"":""FL""}","(850) 563-8110","https://watersoundvillagemarket.com/","$$","Village Market Café + Bar is the Watersound Town Center sister of Seagrove Village Market, with seafood, Southern plates, a full bar, and a takeaway counter.","Mon-Fri 11am-9pm Sat 11am-9pm, Sun closed","/restaurants1/","","","","[""Casual Dining"",""Bar""]","[""Seafood"",""Southern""]","[""Lunch"",""Dinner""]","[""Bistro""]","ChIJcWTYSBPvk4gRazNhxcYgK4g","[""Yes""]","[""Yes""]","[""In Review""]","[""Yes""]","[""In Review""]","[""In Review""]","[""Coming Soon""]","https://www.facebook.com/watersoundvillagemarket","https://www.instagram.com/villagemarketcafebar/","[""Yes""]","[""Restaurant""]","Village Market Café + Bar Restaurant Sandwiches Seafood Southern Casual Dining Bar Watersound Origins","afb41ad8-9285-4690-8d67-9b40948c873c","2026-04-19T20:00:16Z","2026-05-09T12:20:25Z","de29ed44-ed1b-41d4-b93d-94f3e3c2dc4d","2026-04-19T20:00:16Z","","[""In Review""]"
"PUBLISHED","The Wine Bar","the-wine-bar-watercolor","/restaurants/the-wine-bar","WaterColor","watercolor","WaterColor","","{""subdivisions"":[{""code"":""FL"",""name"":""Florida"",""type"":""ADMINISTRATIVE_AREA_LEVEL_1""},{""code"":""Walton County"",""name"":""Walton County"",""type"":""ADMINISTRATIVE_AREA_LEVEL_2""},{""code"":""Santa Rosa Beach"",""name"":""Santa Rosa Beach"",""type"":""ADMINISTRATIVE_AREA_LEVEL_3""},{""code"":""US"",""name"":""United States"",""type"":""COUNTRY""}],""city"":""Santa Rosa Beach"",""location"":{""latitude"":30.3230844,""longitude"":-86.14425849999999},""countryFullname"":""United States"",""streetAddress"":{""apt"":"""",""name"":""East County Highway 30A"",""number"":""1735""},""formatted"":""1735 E County Hwy 30A, Santa Rosa Beach, FL 32459, USA"",""country"":""US"",""postalCode"":""32459-2868"",""subdivision"":""FL""}","(850) 231-1323","https://www.thewinebarfl.com/the-wine-bar-watercolor-on-30a","$$","The Wine Bar offers a curated selection of wines in an upscale yet relaxed environment. Ideal for drinks and small plates.","Mon-Fri: 11am-8pm Sat & Sun: 11am-8pm","/restaurants1/","","","","[""Wine Bar"",""Upscale""]","[""American""]","[""Lunch"",""Dinner""]","[""Wine""]","ChIJZyUTmfrkk4gRtJnp859euUE","[""Yes""]","[""In Review""]","[""In Review""]","[""Yes""]","[""In Review""]","[""In Review""]","[""Coming Soon""]","https://www.facebook.com/WineWorldWatercolor","https://www.instagram.com/thewinebar30a/","[""No""]","[""Bar & Restaurant""]","The Wine Bar Bar Restaurant Wine American Wine Bar Upscale WaterColor","b26dba00-aa83-4477-8e3e-ff6979bdad95","2026-04-19T20:00:16Z","2026-09-30T12:00:00Z","de29ed44-ed1b-41d4-b93d-94f3e3c2dc4d","2026-04-19T20:00:16Z","","[""In Review""]"
"PUBLISHED","Heavenly’s Shortcakes & Ice Cream","heavenlys-shortcakes-and-ice-cream-seaside","/restaurants/heavenly%E2%80%99s-shortcakes-%26-ice-cream","Seaside","seaside","Seaside","","{""subdivisions"":[{""code"":""FL"",""name"":""Florida"",""type"":""ADMINISTRATIVE_AREA_LEVEL_1""},{""code"":""Walton County"",""name"":""Walton County"",""type"":""ADMINISTRATIVE_AREA_LEVEL_2""},{""code"":""Santa Rosa Beach"",""name"":""Santa Rosa Beach"",""type"":""ADMINISTRATIVE_AREA_LEVEL_3""},{""code"":""US"",""name"":""United States"",""type"":""COUNTRY""}],""city"":""Santa Rosa Beach"",""location"":{""latitude"":30.3194598,""longitude"":-86.1376636},""countryFullname"":""United States"",""streetAddress"":{""apt"":"""",""name"":""East County Highway 30A"",""number"":""2236""},""formatted"":""2236 E County Hwy 30A, Santa Rosa Beach, FL 32459, USA"",""country"":""US"",""postalCode"":""32459-6210"",""subdivision"":""FL""}","(850) 231-2029","https://www.itsheavenlyseasidefl.com/","$","Heavenly’s Shortcakes & Ice Cream opens at 8am with coffee and some breakfast pastries, not a full breakfast menu. Sweet treats are served in a relaxed setting. Hours and seasonal closings change.","Opens at 8am. Hours and seasonal closings change.","/restaurants1/","","","","[""Casual Dining""]","[""American"",""Dessert""]","[""Breakfast"",""Lunch"",""Dinner"",""Desserts""]","[""Ice Cream"",""Dessert""]","ChIJ_4SyOuPkk4gRmSupvecWzI8","[""In Review""]","[""In Review""]","[""In Review""]","[""In Review""]","[""In Review""]","[""In Review""]","[""Coming Soon""]","","https://www.instagram.com/heavenlysshortcakes/","[""Yes""]","[""Dessert""]","Heavenly’s Shortcakes & Ice Cream Dessert Ice Cream Dessert American Casual Dining Seaside","b2d7e354-db64-4953-be78-b4b2568d9369","2026-04-19T20:00:16Z","2026-05-09T12:20:25Z","de29ed44-ed1b-41d4-b93d-94f3e3c2dc4d","2026-04-19T20:00:16Z","","[""In Review""]"
"PUBLISHED","Fish Out of Water","fish-out-of-water-watercolor","/restaurants/fish-out-of-water","WaterColor","watercolor","WaterColor | WaterColor Inn","WaterColor Inn","{""subdivisions"":[{""code"":""FL"",""name"":""Florida"",""type"":""ADMINISTRATIVE_AREA_LEVEL_1""},{""code"":""Walton County"",""name"":""Walton County"",""type"":""ADMINISTRATIVE_AREA_LEVEL_2""},{""code"":""Santa Rosa Beach"",""name"":""Santa Rosa Beach"",""type"":""ADMINISTRATIVE_AREA_LEVEL_3""},{""code"":""US"",""name"":""United States"",""type"":""COUNTRY""}],""city"":""Santa Rosa Beach"",""location"":{""latitude"":30.3218452,""longitude"":-86.144876},""countryFullname"":""United States"",""streetAddress"":{""apt"":"""",""name"":""Goldenrod Circle"",""number"":""34""},""formatted"":""34 Goldenrod Cir, Santa Rosa Beach, FL 32459, USA"",""country"":""US"",""postalCode"":""32459"",""subdivision"":""FL""}","(850) 534-5050","https://www.dinefish30a.com/","$$$","Fish Out of Water provides elevated seafood dishes with stunning waterfront views. A top choice for fine dining on 30A.","Mon-Fri: 11am-10pm Sat & Sun: 11am-10pm","/restaurants1/","","","","[""Fine Dining"",""Waterfront""]","[""Seafood""]","[""Lunch"",""Dinner""]","[""Raw Bar""]","ChIJ2aTQ8fvkk4gRo8TApOZTP8g","[""Yes""]","[""Yes""]","[""Yes""]","[""Yes""]","[""In Review""]","[""No""]","[""Coming Soon""]","https://www.facebook.com/FOOW30a/","https://www.instagram.com/fishoutofwater30a/","[""Yes""]","[""Restaurant""]","Fish Out of Water Restaurant Raw Bar Seafood Fine Dining Waterfront WaterColor","b35771e3-1e49-49bb-985a-1f8ccd58210a","2026-04-19T20:00:16Z","2026-05-09T12:20:25Z","de29ed44-ed1b-41d4-b93d-94f3e3c2dc4d","2026-04-19T20:00:16Z","","[""Yes""]"
"PUBLISHED","Friends 30A Burger Bar","friends-30a-burger-bar-watersound-origins","/restaurants/friends-30a-burger-bar","Watersound Origins","watersound-origins","Watersound Origins | Town Center","Town Center","{""subdivisions"":[{""code"":""FL"",""name"":""Florida"",""type"":""ADMINISTRATIVE_AREA_LEVEL_1""},{""code"":""Walton County"",""name"":""Walton County"",""type"":""ADMINISTRATIVE_AREA_LEVEL_2""},{""code"":""Inlet Beach"",""name"":""Inlet Beach"",""type"":""ADMINISTRATIVE_AREA_LEVEL_4""},{""code"":""US"",""name"":""United States"",""type"":""COUNTRY""}],""city"":""Walton County"",""location"":{""latitude"":30.2982357,""longitude"":-86.02559269999999},""countryFullname"":""United States"",""streetAddress"":{""apt"":""Unit A102"",""name"":""US Highway 98 East"",""number"":""11285""},""formatted"":""11285 US Hwy 98 E Unit A102, Inlet Beach, FL 32461, USA"",""country"":""US"",""postalCode"":""32461"",""subdivision"":""FL""}","(850) 909-0555","https://friends30a.com/","$$","Friends 30A Burger Bar serves classic burgers in a casual setting. A simple, satisfying option.","Mon-Fri: 10am-11pm Sat & Sun: 10am-11pm","/restaurants1/","","","","[""Casual Dining""]","[""American""]","[""Lunch"",""Dinner""]","[""Burgers""]","ChIJJRWQRwDvk4gRyONj52b_AnA","[""In Review""]","[""In Review""]","[""In Review""]","[""In Review""]","[""In Review""]","[""In Review""]","[""Coming Soon""]","https://www.facebook.com/friends30ABurgerBar","https://www.instagram.com/friends30aburgerbar/","[""Yes""]","[""Restaurant""]","Friends 30A Burger Bar Restaurant Burgers American Casual Dining Watersound Origins","b6e80166-2141-4bc4-a57d-982413dc6a63","2026-04-19T20:00:16Z","2026-05-09T12:20:25Z","de29ed44-ed1b-41d4-b93d-94f3e3c2dc4d","2026-04-19T20:00:16Z","","[""In Review""]"
"PUBLISHED","Frost Bites","frost-bites-seaside","/restaurants/frost-bites","Seaside","seaside","Seaside | Airstream Row","Airstream Row","{""subdivisions"":[{""code"":""FL"",""name"":""Florida"",""type"":""ADMINISTRATIVE_AREA_LEVEL_1""},{""code"":""Walton County"",""name"":""Walton County"",""type"":""ADMINISTRATIVE_AREA_LEVEL_2""},{""code"":""Santa Rosa Beach"",""name"":""Santa Rosa Beach"",""type"":""ADMINISTRATIVE_AREA_LEVEL_3""},{""code"":""US"",""name"":""United States"",""type"":""COUNTRY""}],""city"":""Santa Rosa Beach"",""location"":{""latitude"":30.3194598,""longitude"":-86.1376636},""countryFullname"":""United States"",""streetAddress"":{""apt"":"""",""name"":""East County Highway 30A"",""number"":""2236""},""formatted"":""2236 E County Hwy 30A, Santa Rosa Beach, FL 32459, USA"",""country"":""US"",""postalCode"":""32459-6210"",""subdivision"":""FL""}","","","$","Frost Bites specializes in cold, sweet treats perfect for hot beach days. A fun stop for dessert.","Mon-Fri: Unknown Sat & Sun: Unknown","/restaurants1/","","","","[""Casual Dining""]","[""American"",""Dessert""]","[""Lunch"",""Dinner"",""Desserts""]","[""Dessert"",""Snowcones""]","ChIJWxENPuPkk4gRJYrheAwX4SE","[""In Review""]","[""In Review""]","[""In Review""]","[""In Review""]","[""In Review""]","[""In Review""]","[""Coming Soon""]","https://www.facebook.com/frostbitesfl/","https://www.instagram.com/frostbitesfl/","[""Yes""]","[""Dessert""]","Frost Bites Dessert Dessert Snowcones American Casual Dining Seaside","bd94c44d-f825-4f92-8d41-0f8bdb7f81d8","2026-04-19T20:00:16Z","2026-05-09T12:20:25Z","de29ed44-ed1b-41d4-b93d-94f3e3c2dc4d","2026-04-19T20:00:16Z","","[""In Review""]"
"PUBLISHED","Cowgirl Kitchen","cowgirl-kitchen-rosemary-beach","/restaurants/cowgirl-kitchen","Rosemary Beach","rosemary-beach","Rosemary Beach","","{""subdivisions"":[{""code"":""FL"",""name"":""Florida"",""type"":""ADMINISTRATIVE_AREA_LEVEL_1""},{""code"":""Walton County"",""name"":""Walton County"",""type"":""ADMINISTRATIVE_AREA_LEVEL_2""},{""code"":""Rosemary Beach"",""name"":""Rosemary Beach"",""type"":""ADMINISTRATIVE_AREA_LEVEL_3""},{""code"":""US"",""name"":""United States"",""type"":""COUNTRY""}],""city"":""Rosemary Beach"",""location"":{""latitude"":30.2791206,""longitude"":-86.0170035},""countryFullname"":""United States"",""streetAddress"":{""apt"":"""",""name"":""Main Street"",""number"":""54""},""formatted"":""54 Main St, Rosemary Beach, FL 32461, USA"",""country"":""US"",""postalCode"":""32461"",""subdivision"":""FL""}","(850) 213-0058","https://cowgirlkitchen.com/","$$","Cowgirl Kitchen on Main Street in Rosemary Beach serves breakfast, lunch, and dinner.","Mon-Fri: 8am-9pm Sat & Sun: 8am-9pm","/restaurants1/","","","","[""Casual Dining""]","[""American""]","[""Breakfast"",""Lunch"",""Dinner""]","[""Sandwiches""]","ChIJT_u-nv7xk4gRLa-Us1--c7g","[""Yes""]","[""In Review""]","[""In Review""]","[""Yes""]","[""In Review""]","[""No""]","[""Coming Soon""]","https://www.facebook.com/CowgirlKitchen/","https://www.instagram.com/cowgirlkitchen/","[""Yes""]","[""Restaurant""]","Cowgirl Kitchen Restaurant Sandwiches American Casual Dining Rosemary Beach","c3efd991-3e16-4f7e-809c-07d06b2c3e53","2026-04-19T20:00:16Z","2026-09-30T14:00:00Z","de29ed44-ed1b-41d4-b93d-94f3e3c2dc4d","2026-04-19T20:00:16Z","","[""In Review""]"
"PUBLISHED","Scratch Biscuit Kitchen","scratch-biscuit-kitchen-watercolor","/restaurants/scratch-biscuit-kitchen","WaterColor","watercolor","WaterColor","","{""subdivisions"":[{""code"":""FL"",""name"":""Florida"",""type"":""ADMINISTRATIVE_AREA_LEVEL_1""},{""code"":""Walton County"",""name"":""Walton County"",""type"":""ADMINISTRATIVE_AREA_LEVEL_2""},{""code"":""Santa Rosa Beach"",""name"":""Santa Rosa Beach"",""type"":""ADMINISTRATIVE_AREA_LEVEL_3""},{""code"":""US"",""name"":""United States"",""type"":""COUNTRY""}],""city"":""Santa Rosa Beach"",""location"":{""latitude"":30.3230844,""longitude"":-86.14425849999999},""countryFullname"":""United States"",""streetAddress"":{""apt"":"""",""name"":""East County Highway 30A"",""number"":""1735""},""formatted"":""1735 E County Hwy 30A, Santa Rosa Beach, FL 32459, USA"",""country"":""US"",""postalCode"":""32459-2868"",""subdivision"":""FL""}","(850) 231-6550","https://scratchbk.com","$$","Scratch Biscuit Kitchen specializes in Southern-style breakfast and biscuits in a casual setting. A great morning stop.","Mon-Fri: 7am-2pm Sat & Sun: 7am-2pm","/restaurants1/","","","","[""Casual Dining""]","[""Southern""]","[""Breakfast"",""Lunch""]","[""Breakfast Spot""]","ChIJKYpxF3jlk4gR-nL5nyyWeJA","[""In Review""]","[""In Review""]","[""In Review""]","[""In Review""]","[""In Review""]","[""No""]","[""Coming Soon""]","https://www.facebook.com/scratchbiscuitkitchen","https://www.instagram.com/scratchbiscuitkitchen/","[""Yes""]","[""Restaurant""]","Scratch Biscuit Kitchen Restaurant Breakfast Spot Southern Casual Dining WaterColor","c5322ba8-140a-4cb1-8608-034fd8952005","2026-04-19T20:00:16Z","2026-05-09T12:20:25Z","de29ed44-ed1b-41d4-b93d-94f3e3c2dc4d","2026-04-19T20:00:16Z","","[""In Review""]"
"PUBLISHED","Borago","borago-grayton-beach","/restaurants/borago","Grayton Beach","grayton-beach","Grayton Beach","","{""subdivisions"":[{""code"":""FL"",""name"":""Florida"",""type"":""ADMINISTRATIVE_AREA_LEVEL_1""},{""code"":""Walton County"",""name"":""Walton County"",""type"":""ADMINISTRATIVE_AREA_LEVEL_2""},{""code"":""Santa Rosa Beach"",""name"":""Santa Rosa Beach"",""type"":""ADMINISTRATIVE_AREA_LEVEL_3""},{""code"":""US"",""name"":""United States"",""type"":""COUNTRY""}],""city"":""Santa Rosa Beach"",""location"":{""latitude"":30.3364885,""longitude"":-86.1655972},""countryFullname"":""United States"",""streetAddress"":{""apt"":"""",""name"":""East County Highway 30A"",""number"":""80""},""formatted"":""80 E County Hwy 30A, Santa Rosa Beach, FL 32459, USA"",""country"":""US"",""postalCode"":""32459"",""subdivision"":""FL""}","(850) 213-4156","https://boragorestaurant.com/","$$","Borago offers classic Italian pasta dishes in a cozy, casual setting. A great spot for a relaxed dinner.","Tue-Fri 5pm-9pm, Mon closed Sat-Sun 5pm-9pm","/restaurants1/","","","","[""Casual Dining""]","[""Italian""]","[""Dinner""]","[""Pasta""]","ChIJQdKs0azmk4gRL7Zturgk0cI","[""In Review""]","[""In Review""]","[""In Review""]","[""In Review""]","[""In Review""]","[""Yes""]","[""Coming Soon""]","https://www.facebook.com/boragorestaurant","https://www.instagram.com/borago30a/","[""Yes""]","[""Restaurant""]","Borago Restaurant Pasta Italian Casual Dining Grayton Beach","c6d7aebb-5716-485f-a11c-bc76c5d1b2a6","2026-04-19T20:00:16Z","2026-09-30T12:00:00Z","de29ed44-ed1b-41d4-b93d-94f3e3c2dc4d","2026-04-19T20:00:16Z","","[""In Review""]"
"PUBLISHED","Mi Casita Mexican Grill","mi-casita-mexican-grill-seagrove-beach","/restaurants/mi-casita-mexican-grill","Seagrove Beach","seagrove-beach","Seagrove Beach","","{""subdivisions"":[{""code"":""FL"",""name"":""Florida"",""type"":""ADMINISTRATIVE_AREA_LEVEL_1""},{""code"":""Walton County"",""name"":""Walton County"",""type"":""ADMINISTRATIVE_AREA_LEVEL_2""},{""code"":""Santa Rosa Beach"",""name"":""Santa Rosa Beach"",""type"":""ADMINISTRATIVE_AREA_LEVEL_3""},{""code"":""US"",""name"":""United States"",""type"":""COUNTRY""}],""city"":""Santa Rosa Beach"",""location"":{""latitude"":30.3114784,""longitude"":-86.1082121},""countryFullname"":""United States"",""streetAddress"":{""apt"":"""",""name"":""East County Highway 30A"",""number"":""4141""},""formatted"":""4141 E County Hwy 30A, Santa Rosa Beach, FL 32459, USA"",""country"":""US"",""postalCode"":""32459"",""subdivision"":""FL""}","(850) 231-0299","","$$","Mi Casita serves traditional Mexican dishes in a casual setting. A reliable spot for tacos and more.","Mon-Thu 11am-9:30pm, Fri 11am-10pm Sat 11am-10pm, Sun 11am-9pm","/restaurants1/","","","","[""Fine Dining""]","[""Mexican""]","[""Lunch"",""Dinner""]","[""Tacos""]","ChIJ_Rd6nGnlk4gRStteGX27af4","[""In Review""]","[""In Review""]","[""In Review""]","[""In Review""]","[""In Review""]","[""In Review""]","[""Coming Soon""]","https://www.facebook.com/micasitamexicangrill/","https://www.instagram.com/micasitamexicangrill/","[""Yes""]","[""Restaurant""]","Mi Casita Mexican Grill Restaurant Tacos Mexican Fine Dining Seagrove Beach","cc0177e7-21b4-4bad-a76d-b9b95fd9d1cd","2026-04-19T20:00:16Z","2026-05-09T12:20:25Z","de29ed44-ed1b-41d4-b93d-94f3e3c2dc4d","2026-04-19T20:00:16Z","","[""In Review""]"
"PUBLISHED","Wild Nectar","wild-nectar-seaside","/restaurants/wild-nectar","Seaside","seaside","Seaside | Airstream Row","Airstream Row","{""subdivisions"":[{""code"":""FL"",""name"":""Florida"",""type"":""ADMINISTRATIVE_AREA_LEVEL_1""},{""code"":""Walton County"",""name"":""Walton County"",""type"":""ADMINISTRATIVE_AREA_LEVEL_2""},{""code"":""Santa Rosa Beach"",""name"":""Santa Rosa Beach"",""type"":""ADMINISTRATIVE_AREA_LEVEL_3""},{""code"":""US"",""name"":""United States"",""type"":""COUNTRY""}],""city"":""Santa Rosa Beach"",""location"":{""latitude"":30.3194598,""longitude"":-86.1376636},""countryFullname"":""United States"",""streetAddress"":{""apt"":"""",""name"":""East County Highway 30A"",""number"":""2236""},""formatted"":""2236 E County Hwy 30A, Santa Rosa Beach, FL 32459, USA"",""country"":""US"",""postalCode"":""32459-6210"",""subdivision"":""FL""}","","","$$","Wild Nectar features healthy options like bowls and juices in a grab-and-go format. Great for a light and refreshing meal.","Mon-Fri: Unknown Sat & Sun: Unknown","/restaurants1/","","","","[""Grab & Go""]","[""American""]","[""Lunch"",""Dinner""]","[""Juice & Bowls""]","ChIJqecKJmPlk4gRC6ehLs54Csc","[""In Review""]","[""In Review""]","[""In Review""]","[""In Review""]","[""In Review""]","[""In Review""]","[""Coming Soon""]","","https://www.instagram.com/wildnectar30a/","[""Yes""]","[""Food Truck""]","Wild Nectar Food Truck Juice Bowls American Grab Go Seaside","ce8eb366-7cc6-4a92-be8d-fe858b274c98","2026-04-19T20:00:16Z","2026-05-09T12:20:25Z","de29ed44-ed1b-41d4-b93d-94f3e3c2dc4d","2026-04-19T20:00:16Z","","[""In Review""]"
"PUBLISHED","The Donut Hole","the-donut-hole-inlet-beach","/restaurants/the-donut-hole","Inlet Beach","inlet-beach","Inlet Beach | 98 Corridor","98 Corridor","{""subdivisions"":[{""code"":""FL"",""name"":""Florida"",""type"":""ADMINISTRATIVE_AREA_LEVEL_1""},{""code"":""Walton County"",""name"":""Walton County"",""type"":""ADMINISTRATIVE_AREA_LEVEL_2""},{""code"":""Inlet Beach"",""name"":""Inlet Beach"",""type"":""ADMINISTRATIVE_AREA_LEVEL_3""},{""code"":""US"",""name"":""United States"",""type"":""COUNTRY""}],""city"":""Inlet Beach"",""location"":{""latitude"":30.2792059,""longitude"":-86.00851},""countryFullname"":""United States"",""streetAddress"":{""apt"":"""",""name"":""US Highway 98 East"",""number"":""12983""},""formatted"":""12983 US-98 E, Inlet Beach, FL 32413, USA"",""country"":""US"",""postalCode"":""32413"",""subdivision"":""FL""}","(850) 213-3127","https://donutholerestaurant.com/","$$","The Donut Hole is a bakery and diner at the east end of 30A, known for fresh donuts and pies plus breakfast, lunch, and dinner.","Mon-Fri: 6am-10pm Sat & Sun: 6am-10pm","/restaurants1/","","","","[""Casual Dining""]","[""American"",""Dessert""]","[""Breakfast"",""Lunch"",""Dinner""]","[""Donuts"",""Bakery""]","ChIJF45VPQHyk4gRj3TAJYNlCfI","[""In Review""]","[""In Review""]","[""In Review""]","[""In Review""]","[""In Review""]","[""In Review""]","[""Coming Soon""]","","https://www.instagram.com/thedonutholeofficial/","[""Yes""]","[""Restaurant""]","The Donut Hole Restaurant Donuts Bakery American Casual Dining Inlet Beach","d1824dc9-2a36-4801-997f-e7fb5e402f47","2026-04-19T20:00:16Z","2026-05-09T12:20:25Z","de29ed44-ed1b-41d4-b93d-94f3e3c2dc4d","2026-04-19T20:00:16Z","","[""In Review""]"
"PUBLISHED","Local Cantina","local-cantina","/restaurants/local-cantina","Seagrove Beach","seagrove-beach","Seagrove Beach","","{""subdivisions"":[{""code"":""FL"",""name"":""Florida"",""type"":""ADMINISTRATIVE_AREA_LEVEL_1""},{""code"":""Walton County"",""name"":""Walton County"",""type"":""ADMINISTRATIVE_AREA_LEVEL_2""},{""code"":""Santa Rosa Beach"",""name"":""Santa Rosa Beach"",""type"":""ADMINISTRATIVE_AREA_LEVEL_3""},{""code"":""US"",""name"":""United States"",""type"":""COUNTRY""}],""city"":""Santa Rosa Beach"",""location"":{""latitude"":30.3121634,""longitude"":-86.099245},""countryFullname"":""United States"",""streetAddress"":{""apt"":""103"",""name"":""East County Highway 30A"",""number"":""4749""},""formatted"":""4749 E County Hwy 30A #103, Santa Rosa Beach, FL 32459, USA"",""country"":""US"",""postalCode"":""32459"",""subdivision"":""FL""}","(850) 931-2199","https://www.localcantina.com","$$","Local Cantina offers tacos, margaritas, and Mexican-inspired dishes in a lively casual setting. A fun option for drinks and casual dining in Seagrove Beach.","Mon-Fri: Kitchen 11am-10pm, Bar 11am-11pm Sat & Sun: Kitchen 11am-10pm, Bar 11am-11pm","/restaurants1/","","","","[""Casual Dining""]","[""Mexican""]","[""Lunch"",""Dinner""]","[""Tacos""]","ChIJW0Dp0KTlk4gRpBpZQkRIJ8g","[""Yes""]","[""Yes""]","[""Yes""]","[""Yes""]","[""In Review""]","[""No""]","[""Coming Soon""]","https://www.facebook.com/LocalCantina/","https://www.instagram.com/localcantina30a/","[""Yes""]","[""Bar & Restaurant""]","Local Cantina Bar Restaurant Tacos Mexican Casual Dining Seagrove Beach","d1a9559f-522e-488c-b27a-8b14968fcf61","2026-04-28T00:48:17Z","2026-09-30T12:00:00Z","de29ed44-ed1b-41d4-b93d-94f3e3c2dc4d","2026-04-28T00:48:06Z","","[""In Review""]"
"PUBLISHED","Edward’s Fine Food & Wine","edwards-fine-food-and-wine-rosemary-beach","/restaurants/edward%E2%80%99s-fine-food-%26-wine","Rosemary Beach","rosemary-beach","Rosemary Beach","","{""subdivisions"":[{""code"":""FL"",""name"":""Florida"",""type"":""ADMINISTRATIVE_AREA_LEVEL_1""},{""code"":""Walton County"",""name"":""Walton County"",""type"":""ADMINISTRATIVE_AREA_LEVEL_2""},{""code"":""Rosemary Beach"",""name"":""Rosemary Beach"",""type"":""ADMINISTRATIVE_AREA_LEVEL_3""},{""code"":""US"",""name"":""United States"",""type"":""COUNTRY""}],""city"":""Rosemary Beach"",""location"":{""latitude"":30.2790153,""longitude"":-86.0171551},""countryFullname"":""United States"",""streetAddress"":{""apt"":"""",""name"":""Main Street"",""number"":""66""},""formatted"":""66 Main St, Rosemary Beach, FL 32461, USA"",""country"":""US"",""postalCode"":""32461"",""subdivision"":""FL""}","(850) 231-0550","https://edwards30a.com/","$$$","Edward’s Fine Food & Wine offers upscale dining in an intimate setting. Perfect for a romantic night.","Mon-Thu 5pm-9pm, Fri 5pm-10pm Sat 5pm-10pm, Sun 5pm-9pm","/restaurants1/","","","","[""Casual Dining""]","[""American""]","[""Dinner""]","[""Bistro""]","ChIJjRoUn_7xk4gRGksv5sJt7wo","[""Yes""]","[""In Review""]","[""Yes""]","[""Yes""]","[""In Review""]","[""No""]","[""Coming Soon""]","https://www.facebook.com/Edwards30A","https://www.instagram.com/edwardsfinefoodandwine/","[""No""]","[""Restaurant""]","Edward’s Fine Food & Wine Restaurant Bistro American Casual Dining Rosemary Beach","d2928d2f-6983-43e7-ba65-2e79d4bc6330","2026-04-19T20:00:16Z","2026-09-30T14:00:00Z","de29ed44-ed1b-41d4-b93d-94f3e3c2dc4d","2026-04-19T20:00:16Z","","[""Yes""]"
"PUBLISHED","Crabby Steve’s","crabby-steves-rosemary-beach","/restaurants/crabby-steves","Rosemary Beach","rosemary-beach","Rosemary Beach | High Pointe","High Pointe","{""subdivisions"":[{""code"":""FL"",""name"":""Florida"",""type"":""ADMINISTRATIVE_AREA_LEVEL_1""},{""code"":""Walton County"",""name"":""Walton County"",""type"":""ADMINISTRATIVE_AREA_LEVEL_2""},{""code"":""Rosemary Beach"",""name"":""Rosemary Beach"",""type"":""ADMINISTRATIVE_AREA_LEVEL_3""},{""code"":""Inlet Beach"",""name"":""Inlet Beach"",""type"":""ADMINISTRATIVE_AREA_LEVEL_4""},{""code"":""US"",""name"":""United States"",""type"":""COUNTRY""}],""city"":""Rosemary Beach"",""location"":{""latitude"":30.28003039999999,""longitude"":-86.0199872},""countryFullname"":""United States"",""streetAddress"":{""apt"":"""",""name"":""East County Highway 30A"",""number"":""10254""},""formatted"":""10254 E County Hwy 30A, Inlet Beach, FL 32461, USA"",""country"":""US"",""postalCode"":""32461-7166"",""subdivision"":""FL""}","","https://www.facebook.com/profile.php?id=100063438927011#","$$","Crabby Steve’s serves seafood right on the beach in a laid-back setting. Great for waterfront dining.","Tue-Fri 11am-7:30pm, Mon closed Sat-Sun 11am-7:30pm","/restaurants1/","","","","[""Fine Dining""]","[""Seafood""]","[""Lunch"",""Dinner""]","[""Sandwiches""]","ChIJn_JPeozvk4gRPRnidCQAECw","[""In Review""]","[""In Review""]","[""In Review""]","[""In Review""]","[""In Review""]","[""In Review""]","[""Coming Soon""]","https://www.facebook.com/profile.php?id=100063438927011","https://www.instagram.com/crabbysteves30a/","[""Yes""]","[""Bar & Restaurant""]","Crabby Steve’s Bar Restaurant Sandwiches Seafood Fine Dining Rosemary Beach","d442b19f-b0cd-4649-b233-1fb3fee61b4f","2026-04-19T20:00:16Z","2026-05-09T12:20:25Z","de29ed44-ed1b-41d4-b93d-94f3e3c2dc4d","2026-04-19T20:00:16Z","","[""In Review""]"
"PUBLISHED","Café Thirty-A","cafe-thirty-a-seagrove-beach","/restaurants/cafe-thirty-a","Seagrove Beach","seagrove-beach","Seagrove Beach","","{""subdivisions"":[{""code"":""FL"",""name"":""Florida"",""type"":""ADMINISTRATIVE_AREA_LEVEL_1""},{""code"":""Walton County"",""name"":""Walton County"",""type"":""ADMINISTRATIVE_AREA_LEVEL_2""},{""code"":""Santa Rosa Beach"",""name"":""Santa Rosa Beach"",""type"":""ADMINISTRATIVE_AREA_LEVEL_3""},{""code"":""US"",""name"":""United States"",""type"":""COUNTRY""}],""city"":""Santa Rosa Beach"",""location"":{""latitude"":30.312923,""longitude"":-86.11194859999999},""countryFullname"":""United States"",""streetAddress"":{""apt"":"""",""name"":""East County Highway 30A"",""number"":""3899""},""formatted"":""3899 E County Hwy 30A, Santa Rosa Beach, FL 32459, USA"",""country"":""US"",""postalCode"":""32459-0417"",""subdivision"":""FL""}","(850) 231-2166","https://cafethirtya.com/","$$$","Café Thirty-A is a Seagrove dinner restaurant on Scenic Highway 30A, open from 4:30pm. Reservations are required.","Mon-Fri: 4:30pm-close Sat & Sun: 4:30pm-close","/restaurants1/","","","","[""Casual Dining""]","[""American"",""Seafood""]","[""Dinner""]","[""Bistro""]","ChIJ0Q0uG2vlk4gRXKgxURI_6KA","[""In Review""]","[""In Review""]","[""In Review""]","[""In Review""]","[""In Review""]","[""Yes""]","[""Coming Soon""]","https://www.facebook.com/cafethirtya","https://www.instagram.com/cafethirtya/","[""No""]","[""Restaurant""]","Café Thirty-A Restaurant Bistro American Seafood Casual Dining Seagrove Beach","d6f23258-f27c-4250-8608-ca45b98ece7f","2026-04-19T20:00:16Z","2026-05-09T12:20:25Z","de29ed44-ed1b-41d4-b93d-94f3e3c2dc4d","2026-04-19T20:00:16Z","","[""Yes""]"
"PUBLISHED","Cuvee 30A","cuvee-30a-inlet-beach","/restaurants/cuvee-30a","Inlet Beach","inlet-beach","Inlet Beach | 30Avenue","30Avenue","{""subdivisions"":[{""code"":""FL"",""name"":""Florida"",""type"":""ADMINISTRATIVE_AREA_LEVEL_1""},{""code"":""Walton County"",""name"":""Walton County"",""type"":""ADMINISTRATIVE_AREA_LEVEL_2""},{""code"":""Inlet Beach"",""name"":""Inlet Beach"",""type"":""ADMINISTRATIVE_AREA_LEVEL_3""},{""code"":""US"",""name"":""United States"",""type"":""COUNTRY""}],""city"":""Inlet Beach"",""location"":{""latitude"":30.2810188,""longitude"":-86.01035060000001},""countryFullname"":""United States"",""streetAddress"":{""apt"":""Suite D101"",""name"":""U.S. 98"",""number"":""12805""},""formatted"":""12805 US-98 Suite D101, Inlet Beach, FL 32461, USA"",""country"":""US"",""postalCode"":""32461-9630"",""subdivision"":""FL""}","(850) 909-0111","https://cuvee30a.com/","$$$","Cuvee 30A is Chef Tim Creehan’s dinner restaurant at 30Avenue in Inlet Beach, open Monday through Saturday from 4pm.","Mon-Fri 4pm-9:30pm Sat 4pm-9:30pm, Sun closed","/restaurants1/","","","","[""Fine Dining"",""Romantic""]","[""American"",""Seafood""]","[""Dinner""]","[""Bistro""]","ChIJ4-y5qgHyk4gRGuc-kucLji4","[""Yes""]","[""Yes""]","[""Yes""]","[""Yes""]","[""In Review""]","[""Yes""]","[""Coming Soon""]","https://www.facebook.com/Cuvee30A","https://www.instagram.com/cuvee30a/","[""No""]","[""Restaurant""]","Cuvee 30A Restaurant Bistro American Seafood Fine Dining Romantic Inlet Beach","d7c5cff1-0242-469e-b6b2-d66562515a50","2026-04-19T20:00:16Z","2026-05-09T12:20:25Z","de29ed44-ed1b-41d4-b93d-94f3e3c2dc4d","2026-04-19T20:00:16Z","","[""Yes""]"
"PUBLISHED","Charlie’s Café","charlies-cafe-rosemary-beach","/restaurants/charlies-cafe","Rosemary Beach","rosemary-beach","Rosemary Beach","","{""subdivisions"":[{""code"":""FL"",""name"":""Florida"",""type"":""ADMINISTRATIVE_AREA_LEVEL_1""},{""code"":""Walton County"",""name"":""Walton County"",""type"":""ADMINISTRATIVE_AREA_LEVEL_2""},{""code"":""Rosemary Beach"",""name"":""Rosemary Beach"",""type"":""ADMINISTRATIVE_AREA_LEVEL_3""},{""code"":""Inlet Beach"",""name"":""Inlet Beach"",""type"":""ADMINISTRATIVE_AREA_LEVEL_4""},{""code"":""US"",""name"":""United States"",""type"":""COUNTRY""}],""city"":""Rosemary Beach"",""location"":{""latitude"":30.280527,""longitude"":-86.01550399999999},""countryFullname"":""United States"",""streetAddress"":{""apt"":""101"",""name"":""North Barrett Square"",""number"":""46""},""formatted"":""46 N Barrett Square #101, Rosemary Beach, FL 32461, USA"",""country"":""US"",""postalCode"":""32461-5039"",""subdivision"":""FL""}","(850) 213-3462","https://charliescaferosemary.square.site/","$$","Charlie’s Café serves breakfast and lunch at 46 N Barrett Square in Rosemary Beach, including bowls, sandwiches, and coffee.","Mon-Fri: 7am-5pm Sat 7am-7pm, Sun 7am-5pm","/restaurants1/","","","","[""Casual Dining""]","[""American"",""Cafe""]","[""Breakfast"",""Lunch""]","[""Cafe""]","ChIJ2efWwsDxk4gR7g2FWgToJ5Q","[""In Review""]","[""In Review""]","[""In Review""]","[""In Review""]","[""In Review""]","[""In Review""]","[""Coming Soon""]","","https://www.instagram.com/charlies_cafe_rosemary/","[""Yes""]","[""Cafe / Coffee""]","Charlie’s Café Cafe Coffee Cafe American Casual Dining Rosemary Beach","d865c455-50af-489d-8d6b-9812dfa2de28","2026-04-19T20:00:16Z","2026-09-30T14:00:00Z","de29ed44-ed1b-41d4-b93d-94f3e3c2dc4d","2026-04-19T20:00:16Z","","[""In Review""]"
"PUBLISHED","Hurricane Oyster Bar","hurricane-oyster-bar-grayton-beach","/restaurants/hurricane-oyster-bar","Grayton Beach","grayton-beach","Grayton Beach","","{""subdivisions"":[{""code"":""FL"",""name"":""Florida"",""type"":""ADMINISTRATIVE_AREA_LEVEL_1""},{""code"":""Walton County"",""name"":""Walton County"",""type"":""ADMINISTRATIVE_AREA_LEVEL_2""},{""code"":""Santa Rosa Beach"",""name"":""Santa Rosa Beach"",""type"":""ADMINISTRATIVE_AREA_LEVEL_3""},{""code"":""US"",""name"":""United States"",""type"":""COUNTRY""}],""city"":""Santa Rosa Beach"",""location"":{""latitude"":30.3399335,""longitude"":-86.1653673},""countryFullname"":""United States"",""streetAddress"":{""apt"":"""",""name"":""Logan Lane"",""number"":""37""},""formatted"":""37 Logan Ln, Santa Rosa Beach, FL 32459, USA"",""country"":""US"",""postalCode"":""32459-5773"",""subdivision"":""FL""}","(850) 231-0787","http://hurricaneoyster.com/","$$","Hurricane Oyster Bar offers oysters and seafood in a casual, no-frills environment. A go-to for simple, fresh flavors.","Mon-Fri: 11am-10pm Sat & Sun: 11am-10pm","/restaurants1/","","","","[""Casual Dining""]","[""Seafood""]","[""Lunch"",""Dinner""]","[""Oyster Bar""]","ChIJ9ZJsZnvkk4gRKJzKo3RI3Aw","[""Yes""]","[""Yes""]","[""In Review""]","[""In Review""]","[""In Review""]","[""No""]","[""Coming Soon""]","https://www.facebook.com/hurricaneoysterbar","https://www.instagram.com/hurricaneoysterbar/","[""Yes""]","[""Restaurant""]","Hurricane Oyster Bar Restaurant Oyster Bar Seafood Casual Dining Grayton Beach","dc8b1f17-cf6d-4fb2-a610-e3c21269219a","2026-04-19T20:00:16Z","2026-09-30T12:00:00Z","de29ed44-ed1b-41d4-b93d-94f3e3c2dc4d","2026-04-19T20:00:16Z","","[""In Review""]"
"PUBLISHED","Local Catch Bar & Grill","local-catch-bar-and-grill-dune-allen-beach","/restaurants/local-catch-bar-%26-grill","Dune Allen Beach","dune-allen-beach","Dune Allen Beach","","{""subdivisions"":[{""code"":""FL"",""name"":""Florida"",""type"":""ADMINISTRATIVE_AREA_LEVEL_1""},{""code"":""Walton County"",""name"":""Walton County"",""type"":""ADMINISTRATIVE_AREA_LEVEL_2""},{""code"":""Santa Rosa Beach"",""name"":""Santa Rosa Beach"",""type"":""ADMINISTRATIVE_AREA_LEVEL_3""},{""code"":""US"",""name"":""United States"",""type"":""COUNTRY""}],""city"":""Santa Rosa Beach"",""location"":{""latitude"":30.3469327,""longitude"":-86.2186969},""countryFullname"":""United States"",""streetAddress"":{""apt"":"""",""name"":""West County Highway 30A"",""number"":""3711""},""formatted"":""3711 W County Hwy 30A, Santa Rosa Beach, FL 32459, USA"",""country"":""US"",""postalCode"":""32459-4406"",""subdivision"":""FL""}","(850) 622-2442","https://www.localcatch30a.com/","$$","Local Catch blends seafood, tacos, and Southern flavors in a lively setting with live music. It’s a fun stop for food, drinks, and a great atmosphere.","Mon-Fri: 11am-9pm Sat & Sun: 11am-9pm","/restaurants1/","","","","[""Casual Dining"",""Bar""]","[""American"",""Seafood""]","[""Lunch"",""Dinner""]","[""Grill""]","ChIJmykFhE3ik4gRzMLaIJ4TuLo","[""In Review""]","[""In Review""]","[""In Review""]","[""In Review""]","[""In Review""]","[""In Review""]","[""Coming Soon""]","https://www.facebook.com/localcatch30a","https://www.instagram.com/localcatchbarandgrill/","[""Yes""]","[""Bar & Restaurant""]","Local Catch Bar & Grill Bar Restaurant Grill American Seafood Casual Dining Bar Dune Allen Beach","de250072-4c66-4b5c-b283-bb5e088c0ac6","2026-04-19T20:00:16Z","2026-05-09T12:20:25Z","de29ed44-ed1b-41d4-b93d-94f3e3c2dc4d","2026-04-19T20:00:16Z","","[""In Review""]"
"PUBLISHED","Steamboat Grill 30A","steamboat-grill-30a-seagrove-beach","/restaurants/steamboat-grill-30a","Seagrove Beach","seagrove-beach","Seagrove Beach","","{""subdivisions"":[{""code"":""FL"",""name"":""Florida"",""type"":""ADMINISTRATIVE_AREA_LEVEL_1""},{""code"":""Walton County"",""name"":""Walton County"",""type"":""ADMINISTRATIVE_AREA_LEVEL_2""},{""code"":""Santa Rosa Beach"",""name"":""Santa Rosa Beach"",""type"":""ADMINISTRATIVE_AREA_LEVEL_3""},{""code"":""US"",""name"":""United States"",""type"":""COUNTRY""}],""city"":""Santa Rosa Beach"",""location"":{""latitude"":30.3135241,""longitude"":-86.0967352},""countryFullname"":""United States"",""streetAddress"":{""apt"":""5"",""name"":""East County Highway 30A"",""number"":""4935""},""formatted"":""4935 E County Hwy 30A #5, Santa Rosa Beach, FL 32459, USA"",""country"":""US"",""postalCode"":""32459-6532"",""subdivision"":""FL""}","(850) 231-0188","https://steamboatgrill30a.com/","$$","Steamboat Grill serves fresh seafood in a laid-back setting. A solid dinner option.","Mon-Thu 11am-11pm, Fri 11am-12am Sat-Sun 11am-11pm","/restaurants1/","","","","[""Casual Dining""]","[""Seafood""]","[""Lunch"",""Dinner""]","[""Grill""]","ChIJxaeFc2Hlk4gRvnyjhN2qx8E","[""In Review""]","[""In Review""]","[""In Review""]","[""In Review""]","[""In Review""]","[""In Review""]","[""Coming Soon""]","https://www.facebook.com/SteamBoatGrill30a","https://www.instagram.com/steamboatgrill30a/","[""Yes""]","[""Restaurant""]","Steamboat Grill 30A Restaurant Grill Seafood Casual Dining Seagrove Beach","df58f81e-7103-42d2-b354-46e1c41919e6","2026-04-19T20:00:16Z","2026-09-30T12:00:00Z","de29ed44-ed1b-41d4-b93d-94f3e3c2dc4d","2026-04-19T20:00:16Z","","[""In Review""]"
"PUBLISHED","Papa Surf Burger Bar","papa-surf-burger-bar-gulf-place","/restaurants/papa-surf-burger-bar","Gulf Place","gulf-place","Gulf Place","","{""subdivisions"":[{""code"":""FL"",""name"":""Florida"",""type"":""ADMINISTRATIVE_AREA_LEVEL_1""},{""code"":""Walton County"",""name"":""Walton County"",""type"":""ADMINISTRATIVE_AREA_LEVEL_2""},{""code"":""Santa Rosa Beach"",""name"":""Santa Rosa Beach"",""type"":""ADMINISTRATIVE_AREA_LEVEL_3""},{""code"":""US"",""name"":""United States"",""type"":""COUNTRY""}],""city"":""Santa Rosa Beach"",""location"":{""latitude"":30.3475583,""longitude"":-86.2305539},""countryFullname"":""United States"",""streetAddress"":{""apt"":"""",""name"":""Town Center Loop"",""number"":""44""},""formatted"":""44 Town Center Loop, Santa Rosa Beach, FL 32459, USA"",""country"":""US"",""postalCode"":""32459"",""subdivision"":""FL""}","(850) 660-1599","https://papasurf.com/","$$","Papa Surf Burger Bar serves up creative burgers and shakes in a fun, beachy setting. A great casual stop for families and burger lovers.","Mon-Thu 11am-9pm, Fri 11am-10pm Sat 11am-10pm, Sun 11am-9pm","/restaurants1/","","","","[""Casual Dining""]","[""American""]","[""Lunch"",""Dinner""]","[""Burgers""]","ChIJaRMZbgbjk4gRPG1NH8tZnmc","[""In Review""]","[""In Review""]","[""Yes""]","[""In Review""]","[""In Review""]","[""No""]","[""Coming Soon""]","https://www.facebook.com/Papasurfburgerbar","https://www.instagram.com/papasurfburgerbar/","[""Yes""]","[""Restaurant""]","Papa Surf Burger Bar Restaurant Burgers American Casual Dining Gulf Place","dfabe37d-a5d0-4859-9b37-ea108a5da8c0","2026-04-19T20:00:16Z","2026-05-09T12:20:25Z","de29ed44-ed1b-41d4-b93d-94f3e3c2dc4d","2026-04-19T20:00:16Z","","[""In Review""]"
"PUBLISHED","The Big Chill","the-big-chill-watersound","/restaurants/the-big-chill","Watersound","watersound","Watersound | The Big Chill","The Big Chill","{""subdivisions"":[{""code"":""FL"",""name"":""Florida"",""type"":""ADMINISTRATIVE_AREA_LEVEL_1""},{""code"":""Walton County"",""name"":""Walton County"",""type"":""ADMINISTRATIVE_AREA_LEVEL_2""},{""code"":""Watersound"",""name"":""Watersound"",""type"":""ADMINISTRATIVE_AREA_LEVEL_3""},{""code"":""US"",""name"":""United States"",""type"":""COUNTRY""}],""city"":""Watersound"",""location"":{""latitude"":30.3012018,""longitude"":-86.0641901},""countryFullname"":""United States"",""streetAddress"":{""apt"":"""",""name"":""Hub Lane"",""number"":""20""},""formatted"":""20 Hub Lane, Watersound, FL 32461, USA"",""country"":""US"",""postalCode"":""32461"",""subdivision"":""FL""}","(850) 213-0782","https://thebigchill.com/","$$","The Big Chill is a Watersound food hall on County Highway 30A, with counters for burgers, barbecue, tacos, seafood, pizza, coffee, and ice cream.","Mon-Fri: Core food 11am-9pm Sat & Sun: Core food 11am-9pm","/restaurants1/","","","","[""Casual Dining"",""Live Music""]","[""American""]","[""Lunch"",""Dinner""]","[""Food Hall""]","ChIJN8MDk8Xvk4gRTC_qpE8MJRg","[""In Review""]","[""In Review""]","[""Yes""]","[""In Review""]","[""In Review""]","[""No""]","[""Coming Soon""]","https://www.facebook.com/TheBigChill30A/","https://www.instagram.com/thebigchill30a/","[""Yes""]","[""Food Hall / Vendor""]","The Big Chill Food Hall Vendor American Casual Dining Live Music Watersound","ea954898-6a53-4479-aafb-36eec5ba3172","2026-04-19T20:00:16Z","2026-05-09T12:20:25Z","de29ed44-ed1b-41d4-b93d-94f3e3c2dc4d","2026-04-19T20:00:16Z","","[""In Review""]"
"PUBLISHED","Black Bear Bread Co.","black-bear-bread-co-seaside","/restaurants/black-bear-bread-co.","Seaside","seaside","Seaside","","{""subdivisions"":[{""code"":""FL"",""name"":""Florida"",""type"":""ADMINISTRATIVE_AREA_LEVEL_1""},{""code"":""Walton County"",""name"":""Walton County"",""type"":""ADMINISTRATIVE_AREA_LEVEL_2""},{""code"":""Santa Rosa Beach"",""name"":""Santa Rosa Beach"",""type"":""ADMINISTRATIVE_AREA_LEVEL_3""},{""code"":""US"",""name"":""United States"",""type"":""COUNTRY""}],""city"":""Santa Rosa Beach"",""location"":{""latitude"":30.3195813,""longitude"":-86.13652379999999},""countryFullname"":""United States"",""streetAddress"":{""apt"":"""",""name"":""East County Highway 30A"",""number"":""2311""},""formatted"":""2311 E County Hwy 30A, Santa Rosa Beach, FL 32459, USA"",""country"":""US"",""postalCode"":""32459-6284"",""subdivision"":""FL""}","(850) 738-6771","https://blackbearbreadco.com/location/seaside/","$$","Black Bear Bread Co. is known for artisan breads, pastries, and coffee in a cozy café setting. Perfect for breakfast or lunch.","Mon-Fri: 7am-5pm Sat & Sun: 7am-5pm","/restaurants1/","","","","[""Casual Dining""]","[""American"",""Cafe""]","[""Breakfast"",""Lunch""]","[""Bakery"",""Sandwiches"",""Cafe"",""Coffee""]","ChIJXwul2lvlk4gRWp3i3ANMaKk","[""In Review""]","[""In Review""]","[""In Review""]","[""In Review""]","[""In Review""]","[""In Review""]","[""Coming Soon""]","https://www.facebook.com/blackbearbreadco","https://www.instagram.com/blackbearbreadco/","[""Yes""]","[""Cafe / Coffee""]","Black Bear Bread Co. Cafe Coffee Bakery Sandwiches Cafe Coffee American Casual Dining Seaside","ead9e0e7-1911-476f-9ed5-1979f517df13","2026-04-19T20:00:16Z","2026-09-30T14:00:00Z","de29ed44-ed1b-41d4-b93d-94f3e3c2dc4d","2026-04-19T20:00:16Z","","[""In Review""]"
"PUBLISHED","Canopy Road Café","canopy-road-cafe-seagrove-beach","/restaurants/canopy-road-cafe","Seagrove Beach","seagrove-beach","Seagrove Beach","","{""subdivisions"":[{""code"":""FL"",""name"":""Florida"",""type"":""ADMINISTRATIVE_AREA_LEVEL_1""},{""code"":""Walton County"",""name"":""Walton County"",""type"":""ADMINISTRATIVE_AREA_LEVEL_2""},{""code"":""Santa Rosa Beach"",""name"":""Santa Rosa Beach"",""type"":""ADMINISTRATIVE_AREA_LEVEL_3""},{""code"":""US"",""name"":""United States"",""type"":""COUNTRY""}],""city"":""Santa Rosa Beach"",""location"":{""latitude"":30.3124775,""longitude"":-86.0989546},""countryFullname"":""United States"",""streetAddress"":{""apt"":""bldg 5"",""name"":""East County Highway 30A"",""number"":""4785""},""formatted"":""4785 E County Hwy 30A bldg 5, Santa Rosa Beach, FL 32459, USA"",""country"":""US"",""postalCode"":""32459"",""subdivision"":""FL""}","(850) 213-4170","https://canopyroadcafe.com/","$$","Canopy Road Café is a go-to for breakfast and brunch favorites. A casual morning staple.","Mon-Fri: 6:30am-2:15pm Sat & Sun: 6:30am-2:15pm","/restaurants1/","","","","[""Casual Dining""]","[""American""]","[""Breakfast"",""Lunch""]","[""Breakfast Spot""]","ChIJ97QmLdrlk4gRid6FSG77Hqk","[""In Review""]","[""In Review""]","[""In Review""]","[""Yes""]","[""In Review""]","[""No""]","[""Coming Soon""]","https://www.facebook.com/canopyroadcafe","https://www.instagram.com/canopyroadcafe/","[""Yes""]","[""Restaurant""]","Canopy Road Café Restaurant Breakfast Spot American Casual Dining Seagrove Beach","eb2ccdf5-ddb9-4e08-89ef-91819afdd35a","2026-04-19T20:00:16Z","2026-05-09T12:20:25Z","de29ed44-ed1b-41d4-b93d-94f3e3c2dc4d","2026-04-19T20:00:16Z","","[""No""]"
"PUBLISHED","Mimmo’s 30A","mimmos-30a-blue-mountain-beach","/restaurants/mimmos-30a","Blue Mountain Beach","blue-mountain-beach","Blue Mountain Beach","","{""subdivisions"":[{""code"":""FL"",""name"":""Florida"",""type"":""ADMINISTRATIVE_AREA_LEVEL_1""},{""code"":""Walton County"",""name"":""Walton County"",""type"":""ADMINISTRATIVE_AREA_LEVEL_2""},{""code"":""Santa Rosa Beach"",""name"":""Santa Rosa Beach"",""type"":""ADMINISTRATIVE_AREA_LEVEL_3""},{""code"":""US"",""name"":""United States"",""type"":""COUNTRY""}],""city"":""Santa Rosa Beach"",""location"":{""latitude"":30.3452639,""longitude"":-86.2064721},""countryFullname"":""United States"",""streetAddress"":{""apt"":"""",""name"":""West County Highway 30A"",""number"":""2700""},""formatted"":""2700 W County Hwy 30A, Santa Rosa Beach, FL 32459, USA"",""country"":""US"",""postalCode"":""32459"",""subdivision"":""FL""}","(850) 660-6970","https://mimmos30a.com/","$$","Mimmo’s 30A serves classic Italian dishes including pasta and pizza in a welcoming setting. A reliable choice for a casual dinner.","Mon-Thu 3pm-9pm, Fri 3pm-9:30pm Sat 10am-2pm & 4pm-9:30pm","/restaurants1/","","","","[""Casual Dining""]","[""Italian""]","[""Lunch"",""Dinner""]","[""Pasta"",""Pizza""]","ChIJwQiKAB_jk4gRNmn5h0nHugA","[""Yes""]","[""Yes""]","[""In Review""]","[""In Review""]","[""In Review""]","[""Yes""]","[""Coming Soon""]","https://www.facebook.com/EatMimmos","https://www.instagram.com/mimmos30a/","[""Yes""]","[""Restaurant""]","Mimmo’s 30A Restaurant Pasta Pizza Italian Casual Dining Blue Mountain Beach","eb462f82-19f3-44d8-9269-e0b52d90d815","2026-04-19T20:00:16Z","2026-05-09T12:20:25Z","de29ed44-ed1b-41d4-b93d-94f3e3c2dc4d","2026-04-19T20:00:16Z","","[""In Review""]"
"UNPUBLISHED","Brozinni Pizzeria","brozinni-pizzeria-seagrove-beach","/restaurants/brozinni-pizzeria","Seagrove Beach","seagrove-beach","Seagrove Beach","","{""subdivisions"":[{""code"":""FL"",""name"":""Florida"",""type"":""ADMINISTRATIVE_AREA_LEVEL_1""},{""code"":""Walton County"",""name"":""Walton County"",""type"":""ADMINISTRATIVE_AREA_LEVEL_2""},{""code"":""Santa Rosa Beach"",""name"":""Santa Rosa Beach"",""type"":""ADMINISTRATIVE_AREA_LEVEL_3""},{""code"":""US"",""name"":""United States"",""type"":""COUNTRY""}],""city"":""Santa Rosa Beach"",""location"":{""latitude"":30.3369,""longitude"":-86.1661567},""countryFullname"":""United States"",""streetAddress"":{""apt"":"""",""name"":""East County Highway 30A"",""number"":""41""},""formatted"":""41 E County Hwy 30A, Santa Rosa Beach, FL 32459, USA"",""country"":""US"",""postalCode"":""32459"",""subdivision"":""FL""}","(850) 231-2060","https://www.brozinni.com/","$$","The Seagrove pizzeria formerly called Brozinni now operates as Boggy Boys Pizza at 4101 E County Hwy 30A. Same owners and the same New York-style pizza.","Mon-Fri: 11am-9pm Sat & Sun: 11am-9pm","/restaurants1/","","","","[""Casual Dining""]","[""Italian""]","[""Lunch"",""Dinner""]","[""Pizza""]","ChIJN6P5gGnlk4gRQjUP8BF9F-4","[""No""]","[""No""]","[""No""]","[""Yes""]","[""In Review""]","[""No""]","[""Coming Soon""]","https://www.facebook.com/BrozinniPizza/","https://www.instagram.com/brozinnipizzeria/","[""Yes""]","[""Restaurant""]","Brozinni Pizzeria Restaurant Pizza Italian Casual Dining Seagrove Beach","ed99c8d7-fb8f-446c-bc9b-0541824b3dfe","2026-04-19T20:00:16Z","2026-05-09T12:20:25Z","de29ed44-ed1b-41d4-b93d-94f3e3c2dc4d","2026-04-19T20:00:16Z","","[""In Review""]"
"PUBLISHED","Renaissance French Restaurant","renaissance-french-restaurant-gulf-place","/restaurants/renaissance-french-restaurant","Gulf Place","gulf-place","Gulf Place","","{""subdivisions"":[{""code"":""FL"",""name"":""Florida"",""type"":""ADMINISTRATIVE_AREA_LEVEL_1""},{""code"":""Walton County"",""name"":""Walton County"",""type"":""ADMINISTRATIVE_AREA_LEVEL_2""},{""code"":""Santa Rosa Beach"",""name"":""Santa Rosa Beach"",""type"":""ADMINISTRATIVE_AREA_LEVEL_3""},{""code"":""US"",""name"":""United States"",""type"":""COUNTRY""}],""city"":""Santa Rosa Beach"",""location"":{""latitude"":30.3486892,""longitude"":-86.23189909999999},""countryFullname"":""United States"",""streetAddress"":{""apt"":""unit 2A"",""name"":""Spires Lane"",""number"":""118""},""formatted"":""118 Spires Ln unit 2A, Santa Rosa Beach, FL 32459, USA"",""country"":""US"",""postalCode"":""32459-8775"",""subdivision"":""FL""}","(850) 830-7754","https://www.renaissancefrench.com/","$$$","Renaissance French Restaurant offers classic French cuisine in an intimate, upscale setting. Ideal for a romantic dinner or special occasion.","Tue-Fri 5pm-9pm, Mon closed Sat 5pm-9pm, Sun closed","/restaurants1/","","","","[""Fine Dining"",""Romantic""]","[""French""]","[""Lunch"",""Dinner""]","[""Bistro""]","ChIJj8JeaeHjk4gRmDLXWriUgR4","[""In Review""]","[""In Review""]","[""In Review""]","[""In Review""]","[""In Review""]","[""Yes""]","[""Coming Soon""]","https://www.facebook.com/people/Renaissance-Restaurant-Santa-Rosa-Beach/61557614399536/","https://www.instagram.com/renaissance30a/","[""No""]","[""Restaurant""]","Renaissance French Restaurant Restaurant Bistro French Fine Dining Romantic Gulf Place","f1602fdd-079d-431a-9880-814d6fbde547","2026-04-19T20:00:16Z","2026-09-30T12:00:00Z","de29ed44-ed1b-41d4-b93d-94f3e3c2dc4d","2026-04-19T20:00:16Z","","[""In Review""]"
"PUBLISHED","Idyll Hounds Proper","idyll-hounds-proper-inlet-beach","/restaurants/idyll-hounds-proper","Inlet Beach","inlet-beach","Inlet Beach | 30Avenue","30Avenue","{""subdivisions"":[{""code"":""FL"",""name"":""Florida"",""type"":""ADMINISTRATIVE_AREA_LEVEL_1""},{""code"":""Walton County"",""name"":""Walton County"",""type"":""ADMINISTRATIVE_AREA_LEVEL_2""},{""code"":""Inlet Beach"",""name"":""Inlet Beach"",""type"":""ADMINISTRATIVE_AREA_LEVEL_3""},{""code"":""US"",""name"":""United States"",""type"":""COUNTRY""}],""city"":""Inlet Beach"",""location"":{""latitude"":30.2812105,""longitude"":-86.0101327},""countryFullname"":""United States"",""streetAddress"":{""apt"":""Suite E101"",""name"":""U.S. 98"",""number"":""12805""},""formatted"":""12805 US-98 Suite E101, Inlet Beach, FL 32461, USA"",""country"":""US"",""postalCode"":""32461-9630"",""subdivision"":""FL""}","(850) 909-9041","https://www.idyllhoundproper.com/","$$","Idyll Hounds Proper serves sandwiches and drinks in a casual setting. A great hangout spot.","Mon-Tue 12pm-7pm, Wed-Thu 12pm-8pm, Fri 11am-8pm Sat 11am-8pm, Sun 12pm-6pm","/restaurants1/","","","","[""Casual Dining""]","[""American""]","[""Lunch"",""Dinner""]","[""Sandwiches""]","ChIJmStuoxbvk4gRlsoULIf6lVM","[""Yes""]","[""Yes""]","[""Yes""]","[""Yes""]","[""In Review""]","[""In Review""]","[""Coming Soon""]","https://www.facebook.com/idyllhoundproper","https://www.instagram.com/idyllhoundsproper/","[""Yes""]","[""Bar & Restaurant""]","Idyll Hounds Proper Bar Restaurant Sandwiches American Casual Dining Inlet Beach","f5cd2b0d-01b6-4dd7-a951-3c4284096300","2026-04-19T20:00:16Z","2026-05-09T12:20:25Z","de29ed44-ed1b-41d4-b93d-94f3e3c2dc4d","2026-04-19T20:00:16Z","","[""In Review""]"
"PUBLISHED","Chiringo","chiringo-grayton-beach","/restaurants/chiringo","Grayton Beach","grayton-beach","Grayton Beach","","{""subdivisions"":[{""code"":""FL"",""name"":""Florida"",""type"":""ADMINISTRATIVE_AREA_LEVEL_1""},{""code"":""Walton County"",""name"":""Walton County"",""type"":""ADMINISTRATIVE_AREA_LEVEL_2""},{""code"":""Santa Rosa Beach"",""name"":""Santa Rosa Beach"",""type"":""ADMINISTRATIVE_AREA_LEVEL_3""},{""code"":""US"",""name"":""United States"",""type"":""COUNTRY""}],""city"":""Santa Rosa Beach"",""location"":{""latitude"":30.3295287,""longitude"":-86.16579940000001},""countryFullname"":""United States"",""streetAddress"":{""apt"":"""",""name"":""Hotz Avenue"",""number"":""63""},""formatted"":""63 Hotz Ave, Santa Rosa Beach, FL 32459, USA"",""country"":""US"",""postalCode"":""32459-5880"",""subdivision"":""FL""}","(850) 399-1604","https://chiringograyton.com/","$$","Chiringo brings coastal flavors and tacos to a beachfront setting with a laid-back vibe. Perfect for a casual meal by the water.","Mon-Wed 11:30am-11pm, Thu-Fri 9am-11pm Sat & Sun: 9am-11pm","/restaurants1/","","","","[""Casual Dining""]","[""Seafood""]","[""Lunch"",""Dinner""]","[""Tacos""]","ChIJnV7lIobkk4gRRCh6-peImYE","[""In Review""]","[""In Review""]","[""In Review""]","[""Yes""]","[""In Review""]","[""No""]","[""Coming Soon""]","https://www.facebook.com/ChiringoGrayton","https://www.instagram.com/chiringo30a/","[""Yes""]","[""Bar & Restaurant""]","Chiringo Bar Restaurant Tacos Seafood Casual Dining Grayton Beach","f8289c1a-3b5a-4110-bd27-1e1bb102998d","2026-04-19T20:00:16Z","2026-09-30T12:00:00Z","de29ed44-ed1b-41d4-b93d-94f3e3c2dc4d","2026-04-19T20:00:16Z","","[""Yes""]"
"PUBLISHED","Barefoot BBQ","barefoot-bbq-seaside","/restaurants/barefoot-bbq","Seaside","seaside","Seaside | Airstream Row","Airstream Row","{""subdivisions"":[{""code"":""FL"",""name"":""Florida"",""type"":""ADMINISTRATIVE_AREA_LEVEL_1""},{""code"":""Walton County"",""name"":""Walton County"",""type"":""ADMINISTRATIVE_AREA_LEVEL_2""},{""code"":""Santa Rosa Beach"",""name"":""Santa Rosa Beach"",""type"":""ADMINISTRATIVE_AREA_LEVEL_3""},{""code"":""US"",""name"":""United States"",""type"":""COUNTRY""}],""city"":""Santa Rosa Beach"",""location"":{""latitude"":30.3199355,""longitude"":-86.1381032},""countryFullname"":""United States"",""streetAddress"":{""apt"":"""",""name"":""East County Highway 30A"",""number"":""2221""},""formatted"":""2221 E. County Hwy 30A, Santa Rosa Beach, FL 32459"",""country"":""US"",""postalCode"":""32459"",""subdivision"":""FL""}","(850) 534-0313","https://barefootbbq.eatontheweb.com/","$$","Barefoot BBQ is a laid-back, beachy spot serving up big flavor in a fun, outdoor setting that's family and dog friendly. Known for high-quality, pecan-smoked meats, Barefoot BBQ also makes nearly everything in-house, from the cheese used in their mac & cheese and nachos to the potato salad, baked beans, coleslaw, and smoked tuna dip.

They're also known for their popular Bushwackers, 30A Frosé, and Bloody Marys, making it a great stop whether you're coming for a full meal or just a drink. As their tagline says: Barefoot BBQ, It'll Knock Your Socks Off!","Mon-Fri: 11am-9pm Sat & Sun: 11am-9pm","/restaurants1/","","","","[""Casual Dining""]","[""BBQ""]","[""Lunch"",""Dinner""]","[""Grill""]","ChIJm6D9FePkk4gRb4yGc9dlC_M","[""In Review""]","[""In Review""]","[""In Review""]","[""In Review""]","[""In Review""]","[""In Review""]","[""Coming Soon""]","https://www.facebook.com/barefootbbq","https://www.instagram.com/barefootbbqseasidefl/","[""Yes""]","[""Food Truck""]","Barefoot BBQ Food Truck Grill BBQ Casual Dining Seaside","f8714d46-c20e-4ae6-b443-2f0330a9f105","2026-04-19T20:00:16Z","2026-05-09T12:20:25Z","de29ed44-ed1b-41d4-b93d-94f3e3c2dc4d","2026-04-19T20:00:16Z","","[""In Review""]"
"PUBLISHED","Crackings","crackings-grayton-beach","/restaurants/crackings","Grayton Beach","grayton-beach","Grayton Beach","","{""subdivisions"":[{""code"":""FL"",""name"":""Florida"",""type"":""ADMINISTRATIVE_AREA_LEVEL_1""},{""code"":""Walton County"",""name"":""Walton County"",""type"":""ADMINISTRATIVE_AREA_LEVEL_2""},{""code"":""Santa Rosa Beach"",""name"":""Santa Rosa Beach"",""type"":""ADMINISTRATIVE_AREA_LEVEL_3""},{""code"":""US"",""name"":""United States"",""type"":""COUNTRY""}],""city"":""Santa Rosa Beach"",""location"":{""latitude"":30.33599,""longitude"":-86.163129},""countryFullname"":""United States"",""streetAddress"":{""apt"":"""",""name"":""Uptown Grayton Circle"",""number"":""51""},""formatted"":""51 Uptown Grayton Cir, Santa Rosa Beach, FL 32459, USA"",""country"":""US"",""postalCode"":""32459"",""subdivision"":""FL""}","(850) 608-8221","https://crackings.com/","$$","Crackings is a favorite for breakfast and brunch, known for generous portions and a welcoming atmosphere. A must for morning dining.","Mon-Fri: 8am-1pm Sat & Sun: 8am-1pm","/restaurants1/","","","","[""Casual Dining""]","[""American""]","[""Breakfast""]","[""Breakfast Spot""]","ChIJKYqr5mLkk4gR2OC5ECnvfr4","[""In Review""]","[""In Review""]","[""In Review""]","[""In Review""]","[""In Review""]","[""No""]","[""Coming Soon""]","https://www.facebook.com/CrackingsGraytonBeach","https://www.instagram.com/crackings30a/","[""Yes""]","[""Restaurant""]","Crackings Restaurant Breakfast Spot American Casual Dining Grayton Beach","f8ef8631-26f1-4278-a39e-f35a9d42fed8","2026-04-19T20:00:16Z","2026-09-30T12:00:00Z","de29ed44-ed1b-41d4-b93d-94f3e3c2dc4d","2026-04-19T20:00:16Z","","[""In Review""]"
"PUBLISHED","Fonville Press Market & Café","fonville-press-market-and-cafe-alys-beach","/restaurants/fonville-press-market-%26-caf%C3%A9","Alys Beach","alys-beach","Alys Beach","","{""subdivisions"":[{""code"":""FL"",""name"":""Florida"",""type"":""ADMINISTRATIVE_AREA_LEVEL_1""},{""code"":""Walton County"",""name"":""Walton County"",""type"":""ADMINISTRATIVE_AREA_LEVEL_2""},{""code"":""Alys Beach"",""name"":""Alys Beach"",""type"":""ADMINISTRATIVE_AREA_LEVEL_3""},{""code"":""US"",""name"":""United States"",""type"":""COUNTRY""}],""city"":""Alys Beach"",""location"":{""latitude"":30.284973,""longitude"":-86.0287674},""countryFullname"":""United States"",""streetAddress"":{""apt"":"""",""name"":""North Somerset Street"",""number"":""23""},""formatted"":""23 North Somerset, Alys Beach, FL 32461, USA"",""country"":""US"",""postalCode"":""32461"",""subdivision"":""FL""}","(850) 641-0043","https://fonvillepress.com/","$$","Fonville Press is a market, coffee shop, and café on North Somerset in Alys Beach. Breakfast and lunch run until 3pm, and dinner is served until 8pm.","Daily 7am-8pm. Breakfast and lunch 7am-3pm, dinner 3pm-8pm.","/restaurants1/","","","","[""Upscale""]","[""American"",""Cafe""]","[""Breakfast"",""Lunch"",""Dinner""]","[""Cafe"",""Market"",""Coffee""]","ChIJpzkOsR_uk4gRvUjA6ETpkU0","[""In Review""]","[""In Review""]","[""In Review""]","[""In Review""]","[""In Review""]","[""In Review""]","[""Coming Soon""]","https://www.facebook.com/fonvillepressalysbeach","https://www.instagram.com/fonvillepress/","[""Yes""]","[""Cafe / Coffee""]","Fonville Press Market Cafe Coffee Breakfast Lunch Dinner American Alys Beach","fb54f03a-6034-4951-a0da-910e10e0526d","2026-04-19T20:00:16Z","2026-09-30T14:00:00Z","de29ed44-ed1b-41d4-b93d-94f3e3c2dc4d","2026-04-19T20:00:16Z","","[""In Review""]"
"PUBLISHED","Roux 30A","roux-30a-grayton-beach","/restaurants/roux-30a-grayton-beach","Grayton Beach","grayton-beach","Grayton Beach","","{""subdivisions"":[{""code"":""FL"",""name"":""Florida"",""type"":""ADMINISTRATIVE_AREA_LEVEL_1""},{""code"":""Walton County"",""name"":""Walton County"",""type"":""ADMINISTRATIVE_AREA_LEVEL_2""},{""code"":""Santa Rosa Beach"",""name"":""Santa Rosa Beach"",""type"":""ADMINISTRATIVE_AREA_LEVEL_3""},{""code"":""US"",""name"":""United States"",""type"":""COUNTRY""}],""city"":""Santa Rosa Beach"",""location"":{""latitude"":30.3407265,""longitude"":-86.1667883},""countryFullname"":""United States"",""streetAddress"":{""apt"":""Ste 1A"",""name"":""Logan Lane"",""number"":""114""},""formatted"":""114 Logan Ln Ste 1A, Santa Rosa Beach, FL 32459, USA"",""country"":""US"",""postalCode"":""32459"",""subdivision"":""FL""}","(850) 213-0899","https://www.roux30a.com/","$$$","Roux 30A serves a reservation-only chef tasting menu in an intimate Grayton Beach dining room. Michelin Recommended, with seatings at 5pm and 7pm.","Dinner seatings at 5pm and 7pm. Reservations required.","/restaurants1/","","","","[""Fine Dining"",""Romantic""]","[""American""]","[""Dinner""]","[""Tasting Menu""]","","[""In Review""]","[""In Review""]","[""In Review""]","[""In Review""]","[""In Review""]","[""Yes""]","[""Coming Soon""]","https://www.facebook.com/Roux30a/","","[""No""]","[""Restaurant""]","Roux 30A Restaurant Tasting Menu American Fine Dining Romantic Grayton Beach","","2026-09-30T12:00:00Z","2026-09-30T12:00:00Z","","2026-09-30T12:00:00Z","","[""Yes""]"
"PUBLISHED","Chanticleer Eatery","chanticleer-eatery-grayton-beach","/restaurants/chanticleer-eatery-grayton-beach","Grayton Beach","grayton-beach","Grayton Beach","","{""subdivisions"":[{""code"":""FL"",""name"":""Florida"",""type"":""ADMINISTRATIVE_AREA_LEVEL_1""},{""code"":""Walton County"",""name"":""Walton County"",""type"":""ADMINISTRATIVE_AREA_LEVEL_2""},{""code"":""Santa Rosa Beach"",""name"":""Santa Rosa Beach"",""type"":""ADMINISTRATIVE_AREA_LEVEL_3""},{""code"":""US"",""name"":""United States"",""type"":""COUNTRY""}],""city"":""Santa Rosa Beach"",""location"":{""latitude"":30.3388961,""longitude"":-86.1662888},""countryFullname"":""United States"",""streetAddress"":{""apt"":"""",""name"":""Clayton Lane"",""number"":""55""},""formatted"":""55 Clayton Ln, Santa Rosa Beach, FL 32459, USA"",""country"":""US"",""postalCode"":""32459"",""subdivision"":""FL""}","(850) 213-9065","https://www.chanticleereatery.com/","$$","Chanticleer Eatery serves made-from-scratch American comfort food in Grayton Beach, with sandwiches and salads at lunch and a fuller dinner menu.","Daily 11am-9pm. Happy hour Mon-Fri 3pm-6pm.","/restaurants1/","","","","[""Casual Dining""]","[""American"",""Southern""]","[""Lunch"",""Dinner""]","[""Sandwiches""]","","[""In Review""]","[""In Review""]","[""In Review""]","[""In Review""]","[""In Review""]","[""Yes""]","[""Coming Soon""]","https://www.facebook.com/ChanticleerBakes","","[""Yes""]","[""Restaurant""]","Chanticleer Eatery Restaurant Sandwiches American Southern Casual Dining Grayton Beach","","2026-09-30T12:00:00Z","2026-09-30T12:00:00Z","","2026-09-30T12:00:00Z","","[""In Review""]"
"PUBLISHED","Bud & Alley’s Pizza Bar + Trattoria","bud-and-alleys-pizza-bar-seaside","/restaurants/bud-and-alleys-pizza-bar-seaside","Seaside","seaside","Seaside","","{""subdivisions"":[{""code"":""FL"",""name"":""Florida"",""type"":""ADMINISTRATIVE_AREA_LEVEL_1""},{""code"":""Walton County"",""name"":""Walton County"",""type"":""ADMINISTRATIVE_AREA_LEVEL_2""},{""code"":""Santa Rosa Beach"",""name"":""Santa Rosa Beach"",""type"":""ADMINISTRATIVE_AREA_LEVEL_3""},{""code"":""US"",""name"":""United States"",""type"":""COUNTRY""}],""city"":""Santa Rosa Beach"",""location"":{""latitude"":30.3194598,""longitude"":-86.1376636},""countryFullname"":""United States"",""streetAddress"":{""apt"":"""",""name"":""East County Highway 30A"",""number"":""2236""},""formatted"":""2236 E County Hwy 30A, Santa Rosa Beach, FL 32459, USA"",""country"":""US"",""postalCode"":""32459"",""subdivision"":""FL""}","(850) 231-5900","https://www.budandalleys.com/pizza-bar/","$$","Bud & Alley’s Pizza Bar + Trattoria serves wood-fired Neapolitan pizza and house-made dishes roadside at Bud & Alley’s in Seaside. Hours are seasonal.","Daily 11am-9:30pm. Hours are seasonal.","/restaurants1/","","","","[""Casual Dining""]","[""Italian""]","[""Lunch"",""Dinner""]","[""Pizza""]","","[""In Review""]","[""In Review""]","[""In Review""]","[""In Review""]","[""In Review""]","[""In Review""]","[""Coming Soon""]","","https://www.instagram.com/pizzabar_buds/","[""Yes""]","[""Restaurant""]","Bud & Alley’s Pizza Bar Trattoria Restaurant Pizza Italian Casual Dining Seaside","","2026-09-30T12:00:00Z","2026-09-30T12:00:00Z","","2026-09-30T12:00:00Z","","[""In Review""]"
"PUBLISHED","Black Bear Bread Co.","black-bear-bread-co-grayton-beach","/restaurants/black-bear-bread-co-grayton-beach","Grayton Beach","grayton-beach","Grayton Beach","","{""subdivisions"":[{""code"":""FL"",""name"":""Florida"",""type"":""ADMINISTRATIVE_AREA_LEVEL_1""},{""code"":""Walton County"",""name"":""Walton County"",""type"":""ADMINISTRATIVE_AREA_LEVEL_2""},{""code"":""Santa Rosa Beach"",""name"":""Santa Rosa Beach"",""type"":""ADMINISTRATIVE_AREA_LEVEL_3""},{""code"":""US"",""name"":""United States"",""type"":""COUNTRY""}],""city"":""Santa Rosa Beach"",""location"":{""latitude"":30.3402886,""longitude"":-86.1649941},""countryFullname"":""United States"",""streetAddress"":{""apt"":""Unit G"",""name"":""Logan Lane"",""number"":""26""},""formatted"":""26 Logan Ln Unit G, Santa Rosa Beach, FL 32459, USA"",""country"":""US"",""postalCode"":""32459"",""subdivision"":""FL""}","(850) 213-4528","https://blackbearbreadco.com/location/grayton-beach-fl/","$$","Black Bear Bread Co. in The Shops of Grayton bakes pastries and naturally leavened breads and serves breakfast and lunch with Stumptown coffee.","Daily 7am-1pm","/restaurants1/","","","","[""Casual Dining""]","[""American"",""Cafe""]","[""Breakfast"",""Lunch""]","[""Bakery"",""Sandwiches"",""Cafe"",""Coffee""]","","[""In Review""]","[""In Review""]","[""In Review""]","[""In Review""]","[""In Review""]","[""In Review""]","[""Coming Soon""]","https://www.facebook.com/blackbearbreadco","https://www.instagram.com/blackbearbreadco/","[""Yes""]","[""Cafe / Coffee""]","Black Bear Bread Co. Grayton Cafe Coffee Bakery Sandwiches American Casual Dining Grayton Beach","","2026-09-30T12:00:00Z","2026-09-30T12:00:00Z","","2026-09-30T12:00:00Z","","[""In Review""]"
"PUBLISHED","Tahona Tacos & Tequileria","tahona-tacos-and-tequileria-rosemary-beach","/restaurants/tahona-tacos-and-tequileria-rosemary-beach","Rosemary Beach","rosemary-beach","Rosemary Beach","","{""subdivisions"":[{""code"":""FL"",""name"":""Florida"",""type"":""ADMINISTRATIVE_AREA_LEVEL_1""},{""code"":""Walton County"",""name"":""Walton County"",""type"":""ADMINISTRATIVE_AREA_LEVEL_2""},{""code"":""Rosemary Beach"",""name"":""Rosemary Beach"",""type"":""ADMINISTRATIVE_AREA_LEVEL_3""},{""code"":""US"",""name"":""United States"",""type"":""COUNTRY""}],""city"":""Rosemary Beach"",""location"":{""latitude"":30.2795019,""longitude"":-86.0169886},""countryFullname"":""United States"",""streetAddress"":{""apt"":""1st Floor"",""name"":""Town Hall Road"",""number"":""74""},""formatted"":""74 Town Hall Rd, 1st Floor, Rosemary Beach, FL 32461, USA"",""country"":""US"",""postalCode"":""32461"",""subdivision"":""FL""}","(850) 213-4600","https://www.tahona30a.com/","$$","Tahona Tacos & Tequileria serves Latin American tacos and agave cocktails on the first floor of Rosemary Beach town center. Walk-in only.","Daily kitchen 12pm-9:30pm, bar 12pm-10pm","/restaurants1/","","","","[""Casual Dining""]","[""Mexican""]","[""Lunch"",""Dinner"",""Drinks""]","[""Tacos""]","","[""In Review""]","[""In Review""]","[""In Review""]","[""In Review""]","[""In Review""]","[""No""]","[""Coming Soon""]","","","[""Yes""]","[""Bar & Restaurant""]","Tahona Tacos Tequileria Bar Restaurant Tacos Mexican Latin Tequila Rosemary Beach","","2026-09-30T12:00:00Z","2026-09-30T12:00:00Z","","2026-09-30T12:00:00Z","","[""In Review""]"
"PUBLISHED","Caribe & Crumb","caribe-and-crumb-gulf-place","/restaurants/caribe-and-crumb-gulf-place","Gulf Place","gulf-place","Gulf Place","","{""subdivisions"":[{""code"":""FL"",""name"":""Florida"",""type"":""ADMINISTRATIVE_AREA_LEVEL_1""},{""code"":""Walton County"",""name"":""Walton County"",""type"":""ADMINISTRATIVE_AREA_LEVEL_2""},{""code"":""Santa Rosa Beach"",""name"":""Santa Rosa Beach"",""type"":""ADMINISTRATIVE_AREA_LEVEL_3""},{""code"":""US"",""name"":""United States"",""type"":""COUNTRY""}],""city"":""Santa Rosa Beach"",""location"":{""latitude"":30.3486564,""longitude"":-86.2317965},""countryFullname"":""United States"",""streetAddress"":{""apt"":""Suite 1A"",""name"":""Spires Lane"",""number"":""118""},""formatted"":""118 Spires Ln Suite 1A, Santa Rosa Beach, FL 32459, USA"",""country"":""US"",""postalCode"":""32459"",""subdivision"":""FL""}","","https://www.caribeandcrumb.com/","$$","Caribe & Crumb is a Venezuelan bakery and cafe at Gulf Place, with arepas, pastries, coffee, and savory plates.","Daily 7am-3pm","/restaurants1/","","","","[""Casual Dining""]","[""Venezuelan""]","[""Breakfast"",""Lunch""]","[""Bakery"",""Cafe"",""Arepas""]","","[""In Review""]","[""In Review""]","[""In Review""]","[""In Review""]","[""In Review""]","[""In Review""]","[""Coming Soon""]","","","[""Yes""]","[""Cafe / Coffee""]","Caribe & Crumb Cafe Coffee Bakery Arepas Venezuelan Casual Dining Gulf Place","","2026-09-30T12:00:00Z","2026-09-30T12:00:00Z","","2026-09-30T12:00:00Z","","[""In Review""]"
"PUBLISHED","The Perfect Pig","the-perfect-pig-watercolor","/restaurants/the-perfect-pig-watercolor","WaterColor","watercolor","WaterColor","","{""subdivisions"":[{""code"":""FL"",""name"":""Florida"",""type"":""ADMINISTRATIVE_AREA_LEVEL_1""},{""code"":""Walton County"",""name"":""Walton County"",""type"":""ADMINISTRATIVE_AREA_LEVEL_2""},{""code"":""Santa Rosa Beach"",""name"":""Santa Rosa Beach"",""type"":""ADMINISTRATIVE_AREA_LEVEL_3""},{""code"":""US"",""name"":""United States"",""type"":""COUNTRY""}],""city"":""Santa Rosa Beach"",""location"":{""latitude"":30.3274897,""longitude"":-86.1256961},""countryFullname"":""United States"",""streetAddress"":{""apt"":"""",""name"":""Watercolor Way"",""number"":""28""},""formatted"":""28 Watercolor Way, Santa Rosa Beach, FL 32459, USA"",""country"":""US"",""postalCode"":""32459"",""subdivision"":""FL""}","(850) 533-1522","https://www.theperfectpig.com/location/watercolor-way/","$$","The Perfect Pig on WaterColor Way serves Southern-inspired breakfast, lunch, and dinner. Reservations are by phone.","Daily 8am-9pm","/restaurants1/","","","","[""Casual Dining""]","[""American"",""Southern""]","[""Breakfast"",""Lunch"",""Dinner""]","[""Breakfast Spot"",""Sandwiches""]","","[""In Review""]","[""In Review""]","[""In Review""]","[""In Review""]","[""In Review""]","[""Yes""]","[""Coming Soon""]","https://www.facebook.com/ThePerfectPig","https://www.instagram.com/theperfectpig30a/","[""Yes""]","[""Restaurant""]","The Perfect Pig WaterColor Restaurant Breakfast Spot Sandwiches American Southern Casual Dining WaterColor","","2026-09-30T12:00:00Z","2026-09-30T12:00:00Z","","2026-09-30T12:00:00Z","","[""In Review""]"
"PUBLISHED","Beach Happy Cafe + Cocktails","beach-happy-cafe-seagrove-beach","/restaurants/beach-happy-cafe-seagrove-beach","Seagrove Beach","seagrove-beach","Seagrove Beach","","{""subdivisions"":[{""code"":""FL"",""name"":""Florida"",""type"":""ADMINISTRATIVE_AREA_LEVEL_1""},{""code"":""Walton County"",""name"":""Walton County"",""type"":""ADMINISTRATIVE_AREA_LEVEL_2""},{""code"":""Santa Rosa Beach"",""name"":""Santa Rosa Beach"",""type"":""ADMINISTRATIVE_AREA_LEVEL_3""},{""code"":""US"",""name"":""United States"",""type"":""COUNTRY""}],""city"":""Santa Rosa Beach"",""location"":{""latitude"":30.3131031,""longitude"":-86.0902244},""countryFullname"":""United States"",""streetAddress"":{""apt"":""Unit 2"",""name"":""East County Highway 30A"",""number"":""5311""},""formatted"":""5311 E County Hwy 30A Unit 2, Santa Rosa Beach, FL 32459, USA"",""country"":""US"",""postalCode"":""32459"",""subdivision"":""FL""}","(850) 660-5263","https://beachhappycafe.com/?utm_source=eatingon30a&utm_medium=referral","$$","Beach Happy Cafe in Seagrove is for Beach Happy Hour, coffee, and smoothies.

See the current [menu](https://beachhappycafe.com/?utm_source=eatingon30a&utm_medium=referral), [hours](https://beachhappycafe.com/?utm_source=eatingon30a&utm_medium=referral), and [events](https://beachhappycafe.com/?utm_source=eatingon30a&utm_medium=referral).","Check website for hours","/restaurants1/","/images/restaurants/beach-happy-cafe-seagrove-beach/01.jpg","/images/restaurants/beach-happy-cafe-seagrove-beach/01.jpg","","","[""Cafe""]","[""Drinks""]","[""Coffee"",""Smoothies""]","","[""Yes""]","[""In Review""]","[""In Review""]","[""In Review""]","[""In Review""]","[""In Review""]","[""Coming Soon""]","https://www.facebook.com/beachhappycafe","https://www.instagram.com/beachhappy30a/","[""Yes""]","[""Cafe / Coffee""]","Beach Happy Cafe Seagrove Cafe Coffee Smoothies Happy Hour Seagrove Beach","","2026-09-30T12:00:00Z","2026-10-05T15:00:00Z","","2026-09-30T12:00:00Z","","[""In Review""]"
"PUBLISHED","Cafe Tango","cafe-tango-blue-mountain-beach","/restaurants/cafe-tango-blue-mountain-beach","Blue Mountain Beach","blue-mountain-beach","Blue Mountain Beach","","{""subdivisions"":[{""code"":""FL"",""name"":""Florida"",""type"":""ADMINISTRATIVE_AREA_LEVEL_1""},{""code"":""Walton County"",""name"":""Walton County"",""type"":""ADMINISTRATIVE_AREA_LEVEL_2""},{""code"":""Santa Rosa Beach"",""name"":""Santa Rosa Beach"",""type"":""ADMINISTRATIVE_AREA_LEVEL_3""},{""code"":""US"",""name"":""United States"",""type"":""COUNTRY""}],""city"":""Santa Rosa Beach"",""location"":{""latitude"":30.3466453,""longitude"":-86.2192814},""countryFullname"":""United States"",""streetAddress"":{""apt"":"""",""name"":""Viki Street"",""number"":""14""},""formatted"":""14 Viki St, Santa Rosa Beach, FL 32459, USA"",""country"":""US"",""postalCode"":""32459"",""subdivision"":""FL""}","(850) 267-0054","https://cafetango30-a.com/","$$","Cafe Tango serves Spanish and Mediterranean dinner in a cottage on Scenic Highway 30A in Blue Mountain Beach. Reservations are required, and the restaurant is closed Mondays.","Tue-Sun from 6pm, close 10pm. Closed Monday. Reservations required.","/restaurants1/","","","","[""Romantic""]","[""Mediterranean""]","[""Dinner""]","[""Tapas""]","","[""In Review""]","[""In Review""]","[""In Review""]","[""In Review""]","[""In Review""]","[""Yes""]","[""Coming Soon""]","","","[""No""]","[""Restaurant""]","Cafe Tango Café Tango Restaurant Tapas Mediterranean Spanish Romantic Blue Mountain Beach","","2026-09-30T12:00:00Z","2026-09-30T12:00:00Z","","2026-09-30T12:00:00Z","","[""In Review""]"
"PUBLISHED","Grayton Corner Cafe","grayton-corner-cafe-grayton-beach","/restaurants/grayton-corner-cafe-grayton-beach","Grayton Beach","grayton-beach","Grayton Beach","","{""subdivisions"":[{""code"":""FL"",""name"":""Florida"",""type"":""ADMINISTRATIVE_AREA_LEVEL_1""},{""code"":""Walton County"",""name"":""Walton County"",""type"":""ADMINISTRATIVE_AREA_LEVEL_2""},{""code"":""Santa Rosa Beach"",""name"":""Santa Rosa Beach"",""type"":""ADMINISTRATIVE_AREA_LEVEL_3""},{""code"":""US"",""name"":""United States"",""type"":""COUNTRY""}],""city"":""Santa Rosa Beach"",""location"":{""latitude"":30.3393995,""longitude"":-86.1656116},""countryFullname"":""United States"",""streetAddress"":{""apt"":""#16"",""name"":""Clayton Lane"",""number"":""14""},""formatted"":""14 Clayton Ln #16, Santa Rosa Beach, FL 32459, USA"",""country"":""US"",""postalCode"":""32459"",""subdivision"":""FL""}","(850) 792-6331","","$$","Grayton Corner Cafe serves homestyle lunch in Grayton Beach and keeps a small wine shop. 30a.com also lists Saturday supper from 6pm to 10pm.","Tue-Thu 12pm-6pm, Fri 12:30pm-6pm, Sat 12pm-6pm, Sun-Mon closed","/restaurants1/","","","","[""Casual Dining""]","[""American"",""Southern""]","[""Lunch""]","[""Cafe"",""Wine""]","","[""In Review""]","[""In Review""]","[""In Review""]","[""In Review""]","[""In Review""]","[""In Review""]","[""Coming Soon""]","https://www.facebook.com/pages/Grayton-Corner-Cafe/1024849700893219","","[""Yes""]","[""Restaurant""]","Grayton Corner Cafe Restaurant Cafe Wine American Southern Casual Dining Grayton Beach","","2026-09-30T12:00:00Z","2026-09-30T12:00:00Z","","2026-09-30T12:00:00Z","","[""In Review""]"
"PUBLISHED","Caliza Restaurant","caliza-restaurant-alys-beach","/restaurants/caliza-restaurant-alys-beach","Alys Beach","alys-beach","Alys Beach","","{""subdivisions"":[{""code"":""FL"",""name"":""Florida"",""type"":""ADMINISTRATIVE_AREA_LEVEL_1""},{""code"":""Walton County"",""name"":""Walton County"",""type"":""ADMINISTRATIVE_AREA_LEVEL_2""},{""code"":""Alys Beach"",""name"":""Alys Beach"",""type"":""ADMINISTRATIVE_AREA_LEVEL_3""},{""code"":""US"",""name"":""United States"",""type"":""COUNTRY""}],""city"":""Alys Beach"",""location"":{""latitude"":30.2868494,""longitude"":-86.0276416},""countryFullname"":""United States"",""streetAddress"":{""apt"":"""",""name"":""Nonesuch Way"",""number"":""23""},""formatted"":""23 Nonesuch Way, Alys Beach, FL 32461, USA"",""country"":""US"",""postalCode"":""32461"",""subdivision"":""FL""}","(850) 213-5700","https://alysbeach.com/amenities/caliza/","$$","Caliza Restaurant serves casual American dinner outdoors by the pools at Alys Beach. Dinner is open to the public Tuesday through Saturday; daytime pool access is often limited to members and guests. Restaurant services are closed December 1 through March 1.","Tue-Sat 5:30pm-9pm, Sun-Mon closed. Restaurant services closed December 1 through March 1.","/restaurants1/","","","","[""Casual Dining""]","[""American""]","[""Dinner""]","[""Grill""]","","[""In Review""]","[""In Review""]","[""In Review""]","[""Yes""]","[""In Review""]","[""In Review""]","[""Coming Soon""]","https://www.facebook.com/calizarestaurant/","","[""Yes""]","[""Restaurant""]","Caliza Restaurant American Casual Dining Alys Beach pool dinner","","2026-09-30T12:00:00Z","2026-09-30T12:00:00Z","","2026-09-30T12:00:00Z","","[""In Review""]"
"PUBLISHED","3 Sons Bar-B-Q","3-sons-bar-b-q-dune-allen-beach","/restaurants/3-sons-bar-b-q-dune-allen-beach","Dune Allen Beach","dune-allen-beach","Dune Allen Beach","","{""subdivisions"":[{""code"":""FL"",""name"":""Florida"",""type"":""ADMINISTRATIVE_AREA_LEVEL_1""},{""code"":""Walton County"",""name"":""Walton County"",""type"":""ADMINISTRATIVE_AREA_LEVEL_2""},{""code"":""Santa Rosa Beach"",""name"":""Santa Rosa Beach"",""type"":""ADMINISTRATIVE_AREA_LEVEL_3""},{""code"":""US"",""name"":""United States"",""type"":""COUNTRY""}],""city"":""Santa Rosa Beach"",""location"":{""latitude"":30.3631299,""longitude"":-86.2655543},""countryFullname"":""United States"",""streetAddress"":{""apt"":"""",""name"":""West County Highway 30A"",""number"":""6931""},""formatted"":""6931 W County Hwy 30A, Santa Rosa Beach, FL 32459, USA"",""country"":""US"",""postalCode"":""32459"",""subdivision"":""FL""}","(850) 278-6082","https://www.3sonsbarbq.com/","$$","3 Sons Bar-B-Q smokes brisket, ribs, pork, and chicken on County Highway 30A in Dune Allen. The pit is open daily, with an afternoon happy hour.","Daily 11am-9pm. Happy hour 2pm-5pm.","/restaurants1/","","","/images/restaurants/3-sons-bar-b-q-logo.png","[""Casual Dining""]","[""BBQ"",""American""]","[""Lunch"",""Dinner""]","[""Grill""]","","[""In Review""]","[""In Review""]","[""In Review""]","[""In Review""]","[""In Review""]","[""No""]","[""Coming Soon""]","","","[""Yes""]","[""Restaurant""]","3 Sons Bar-B-Q BBQ Barbecue Grill American Dune Allen Beach","","2026-09-30T14:00:00Z","2026-09-30T14:00:00Z","","2026-09-30T14:00:00Z","","[""In Review""]"
"PUBLISHED","Grace Pizza and Shakes","grace-pizza-and-shakes-grayton-beach","/restaurants/grace-pizza-and-shakes-grayton-beach","Grayton Beach","grayton-beach","Grayton Beach","","{""subdivisions"":[{""code"":""FL"",""name"":""Florida"",""type"":""ADMINISTRATIVE_AREA_LEVEL_1""},{""code"":""Walton County"",""name"":""Walton County"",""type"":""ADMINISTRATIVE_AREA_LEVEL_2""},{""code"":""Santa Rosa Beach"",""name"":""Santa Rosa Beach"",""type"":""ADMINISTRATIVE_AREA_LEVEL_3""},{""code"":""US"",""name"":""United States"",""type"":""COUNTRY""}],""city"":""Santa Rosa Beach"",""location"":{""latitude"":30.3394173,""longitude"":-86.1660817},""countryFullname"":""United States"",""streetAddress"":{""apt"":"""",""name"":""Clayton Lane"",""number"":""38""},""formatted"":""38 Clayton Ln, Santa Rosa Beach, FL 32459, USA"",""country"":""US"",""postalCode"":""32459"",""subdivision"":""FL""}","(850) 399-4051","https://gracepizzaandshakes.com/locations/30a-florida/","$$","Grace Pizza and Shakes bakes coal-fired pizzas and serves milkshakes on Clayton Lane in Grayton Beach.","Monday 4pm-9pm, Tuesday-Sunday 11am-9pm.","/restaurants1/","","","","[""Casual Dining""]","[""Italian"",""American""]","[""Lunch"",""Dinner""]","[""Pizza"",""Dessert""]","","[""In Review""]","[""In Review""]","[""In Review""]","[""In Review""]","[""In Review""]","[""In Review""]","[""Coming Soon""]","","","[""Yes""]","[""Restaurant""]","Grace Pizza and Shakes Pizza Milkshakes Italian Grayton Beach","","2026-09-30T14:00:00Z","2026-09-30T14:00:00Z","","2026-09-30T14:00:00Z","","[""In Review""]"
"PUBLISHED","Dough Sea Dough","dough-sea-dough-seagrove-beach","/restaurants/dough-sea-dough-seagrove-beach","Seagrove Beach","seagrove-beach","Seagrove Beach","","{""subdivisions"":[{""code"":""FL"",""name"":""Florida"",""type"":""ADMINISTRATIVE_AREA_LEVEL_1""},{""code"":""Walton County"",""name"":""Walton County"",""type"":""ADMINISTRATIVE_AREA_LEVEL_2""},{""code"":""Santa Rosa Beach"",""name"":""Santa Rosa Beach"",""type"":""ADMINISTRATIVE_AREA_LEVEL_3""},{""code"":""US"",""name"":""United States"",""type"":""COUNTRY""}],""city"":""Santa Rosa Beach"",""location"":{""latitude"":30.3113968,""longitude"":-86.1099179},""countryFullname"":""United States"",""streetAddress"":{""apt"":"""",""name"":""East County Highway 30A"",""number"":""4042""},""formatted"":""4042 E County Hwy 30A, Santa Rosa Beach, FL 32459, USA"",""country"":""US"",""postalCode"":""32459"",""subdivision"":""FL""}","(850) 687-1036","https://www.30adonut.com/","$","Dough Sea Dough makes yeast and cake donuts, breakfast sandwiches, and coffee on County Highway 30A in Seagrove Beach.","Daily 6am-12pm.","/restaurants1/","","","","[""Casual Dining""]","[""American"",""Cafe""]","[""Breakfast""]","[""Donuts"",""Coffee"",""Bakery""]","","[""In Review""]","[""In Review""]","[""In Review""]","[""In Review""]","[""In Review""]","[""In Review""]","[""Coming Soon""]","","","[""Yes""]","[""Cafe / Coffee""]","Dough Sea Dough Donuts Breakfast Coffee Bakery Seagrove Beach","","2026-09-30T14:00:00Z","2026-09-30T14:00:00Z","","2026-09-30T14:00:00Z","","[""In Review""]"
"PUBLISHED","Dawson’s Yogurt & Fudge","dawsons-yogurt-and-fudge-seaside","/restaurants/dawsons-yogurt-and-fudge-seaside","Seaside","seaside","Seaside","Town Center","{""subdivisions"":[{""code"":""FL"",""name"":""Florida"",""type"":""ADMINISTRATIVE_AREA_LEVEL_1""},{""code"":""Walton County"",""name"":""Walton County"",""type"":""ADMINISTRATIVE_AREA_LEVEL_2""},{""code"":""Santa Rosa Beach"",""name"":""Santa Rosa Beach"",""type"":""ADMINISTRATIVE_AREA_LEVEL_3""},{""code"":""US"",""name"":""United States"",""type"":""COUNTRY""}],""city"":""Santa Rosa Beach"",""location"":{""latitude"":30.319879,""longitude"":-86.1370153},""countryFullname"":""United States"",""streetAddress"":{""apt"":"""",""name"":""Central Square"",""number"":""121""},""formatted"":""121 Central Square, Santa Rosa Beach, FL 32459, USA"",""country"":""US"",""postalCode"":""32459"",""subdivision"":""FL""}","(850) 231-4770","https://www.dawsonsyogurtseasidefl.com/","$","Dawson’s Yogurt & Fudge has served frozen yogurt, soft serve, and house-made fudge in Seaside’s Central Square since 1988. Hours and seasonal closings change.","Daily 10am-10pm. Hours and seasonal closings change.","/restaurants1/","","","","[""Casual Dining""]","[""American"",""Dessert""]","[""Desserts""]","[""Ice Cream"",""Dessert""]","","[""In Review""]","[""In Review""]","[""In Review""]","[""In Review""]","[""In Review""]","[""In Review""]","[""Coming Soon""]","","","[""Yes""]","[""Dessert""]","Dawson's Yogurt and Fudge Ice Cream Dessert Seaside Central Square","","2026-09-30T14:00:00Z","2026-09-30T14:00:00Z","","2026-09-30T14:00:00Z","","[""In Review""]"
"PUBLISHED","Pizza by the Sea","pizza-by-the-sea-seacrest","/restaurants/pizza-by-the-sea-seacrest","Seacrest","seacrest","Seacrest Beach","","{""subdivisions"":[{""code"":""FL"",""name"":""Florida"",""type"":""ADMINISTRATIVE_AREA_LEVEL_1""},{""code"":""Walton County"",""name"":""Walton County"",""type"":""ADMINISTRATIVE_AREA_LEVEL_2""},{""code"":""Inlet Beach"",""name"":""Inlet Beach"",""type"":""ADMINISTRATIVE_AREA_LEVEL_3""},{""code"":""US"",""name"":""United States"",""type"":""COUNTRY""}],""city"":""Inlet Beach"",""location"":{""latitude"":30.281657,""longitude"":-86.018763},""countryFullname"":""United States"",""streetAddress"":{""apt"":""Unit 114"",""name"":""East County Highway 30A"",""number"":""10343""},""formatted"":""10343 E County Hwy 30A Unit 114, Inlet Beach, FL 32461, USA"",""country"":""US"",""postalCode"":""32461"",""subdivision"":""FL""}","(850) 534-0044","https://pizzabythesea.com/seacrest-beach","$$","Pizza by the Sea’s Seacrest Beach shop is in The Villages at 10343 E County Highway 30A, with the same casual pies as the other 30A locations.","Daily 11am-9pm.","/restaurants1/","","","","[""Casual Dining""]","[""Italian""]","[""Lunch"",""Dinner""]","[""Pizza""]","","[""In Review""]","[""In Review""]","[""In Review""]","[""Yes""]","[""In Review""]","[""In Review""]","[""Coming Soon""]","","","[""Yes""]","[""Restaurant""]","Pizza by the Sea Seacrest Italian Pizza The Villages","","2026-09-30T14:00:00Z","2026-09-30T14:00:00Z","","2026-09-30T14:00:00Z","","[""In Review""]"
"PUBLISHED","‘drome","drome-seaside","/restaurants/drome-seaside","Seaside","seaside","Seaside","","{""subdivisions"":[{""code"":""FL"",""name"":""Florida"",""type"":""ADMINISTRATIVE_AREA_LEVEL_1""},{""code"":""Walton County"",""name"":""Walton County"",""type"":""ADMINISTRATIVE_AREA_LEVEL_2""},{""code"":""Santa Rosa Beach"",""name"":""Santa Rosa Beach"",""type"":""ADMINISTRATIVE_AREA_LEVEL_3""},{""code"":""US"",""name"":""United States"",""type"":""COUNTRY""}],""city"":""Santa Rosa Beach"",""location"":{""latitude"":30.3194598,""longitude"":-86.1376636},""countryFullname"":""United States"",""streetAddress"":{""apt"":""Unit 6 and 7"",""name"":""East County Road 30A"",""number"":""2236""},""formatted"":""2236 E County Rd 30A, Unit 6 and 7, Santa Rosa Beach, FL 32459, USA"",""country"":""US"",""postalCode"":""32459"",""subdivision"":""FL""}","(334) 703-3060","https://drome.toast.site/","$$","‘drome serves handcrafted dumplings, bao, street eats, boba, and a full bar in Seaside. The ordering page lists (334) 703-3060.","Daily 10am-9pm.","/restaurants1/","","","","[""Casual Dining""]","[""Asian""]","[""Lunch"",""Dinner""]","[""Noodles""]","","[""In Review""]","[""In Review""]","[""In Review""]","[""In Review""]","[""In Review""]","[""In Review""]","[""Coming Soon""]","","","[""Yes""]","[""Restaurant""]","drome dumplings bao street food Asian Seaside","","2026-09-30T14:00:00Z","2026-09-30T14:00:00Z","","2026-09-30T14:00:00Z","","[""In Review""]"
"PUBLISHED","Nigel’s Bananas","nigels-bananas-seaside","/restaurants/nigels-bananas-seaside","Seaside","seaside","Seaside","Ruskin Place","{""subdivisions"":[{""code"":""FL"",""name"":""Florida"",""type"":""ADMINISTRATIVE_AREA_LEVEL_1""},{""code"":""Walton County"",""name"":""Walton County"",""type"":""ADMINISTRATIVE_AREA_LEVEL_2""},{""code"":""Santa Rosa Beach"",""name"":""Santa Rosa Beach"",""type"":""ADMINISTRATIVE_AREA_LEVEL_3""},{""code"":""US"",""name"":""United States"",""type"":""COUNTRY""}],""city"":""Santa Rosa Beach"",""location"":{""latitude"":30.3210693,""longitude"":-86.1371192},""countryFullname"":""United States"",""streetAddress"":{""apt"":"""",""name"":""Quincy Circle"",""number"":""124""},""formatted"":""124 Quincy Cir, Santa Rosa Beach, FL 32459, USA"",""country"":""US"",""postalCode"":""32459"",""subdivision"":""FL""}","","https://seasidefl.com/dinings/nigels-bananas/","$","Nigel’s Bananas in Ruskin Place dips frozen bananas and ice cream bars and serves floats, craft sodas, beer, and wine.","","/restaurants1/","","","","[""Casual Dining""]","[""American"",""Dessert""]","[""Desserts""]","[""Dessert"",""Ice Cream""]","","[""In Review""]","[""In Review""]","[""In Review""]","[""In Review""]","[""In Review""]","[""In Review""]","[""Coming Soon""]","","","[""Yes""]","[""Dessert""]","Nigel's Bananas frozen bananas ice cream dessert Ruskin Place Seaside","","2026-09-30T14:00:00Z","2026-09-30T14:00:00Z","","2026-09-30T14:00:00Z","","[""In Review""]"
"PUBLISHED","Hibiscus Café","hibiscus-cafe-grayton-beach","/restaurants/hibiscus-cafe-grayton-beach","Grayton Beach","grayton-beach","Grayton Beach","","{""subdivisions"":[{""code"":""FL"",""name"":""Florida"",""type"":""ADMINISTRATIVE_AREA_LEVEL_1""},{""code"":""Walton County"",""name"":""Walton County"",""type"":""ADMINISTRATIVE_AREA_LEVEL_2""},{""code"":""Santa Rosa Beach"",""name"":""Santa Rosa Beach"",""type"":""ADMINISTRATIVE_AREA_LEVEL_3""},{""code"":""US"",""name"":""United States"",""type"":""COUNTRY""}],""city"":""Santa Rosa Beach"",""location"":{""latitude"":30.3357227,""longitude"":-86.1669981},""countryFullname"":""United States"",""streetAddress"":{""apt"":"""",""name"":""Defuniak Street"",""number"":""85""},""formatted"":""85 Defuniak St, Santa Rosa Beach, FL 32459, USA"",""country"":""US"",""postalCode"":""32459"",""subdivision"":""FL""}","(850) 231-1734","https://hibiscusflorida.com/","$","Hibiscus Café serves breakfast at the Hibiscus Coffee & Guesthouse on Defuniak Street. The guesthouse site says the onsite café is operated by Raw & Juicy.","Daily 7:30am-2pm.","/restaurants1/","","","","[""Casual Dining""]","[""American"",""Cafe""]","[""Breakfast"",""Lunch""]","[""Cafe"",""Breakfast Spot"",""Coffee""]","","[""In Review""]","[""In Review""]","[""In Review""]","[""Yes""]","[""In Review""]","[""In Review""]","[""Coming Soon""]","","","[""Yes""]","[""Cafe / Coffee""]","Hibiscus Cafe breakfast coffee Grayton Beach Raw and Juicy","","2026-09-30T14:00:00Z","2026-09-30T14:00:00Z","","2026-09-30T14:00:00Z","","[""Yes""]"
"PUBLISHED","Boggy Boys Pizza","boggy-boys-pizza-seagrove-beach","/restaurants/boggy-boys-pizza-seagrove-beach","Seagrove Beach","seagrove-beach","Seagrove Beach","","{""subdivisions"":[{""code"":""FL"",""name"":""Florida"",""type"":""ADMINISTRATIVE_AREA_LEVEL_1""},{""code"":""Walton County"",""name"":""Walton County"",""type"":""ADMINISTRATIVE_AREA_LEVEL_2""},{""code"":""Santa Rosa Beach"",""name"":""Santa Rosa Beach"",""type"":""ADMINISTRATIVE_AREA_LEVEL_3""},{""code"":""US"",""name"":""United States"",""type"":""COUNTRY""}],""city"":""Santa Rosa Beach"",""location"":{""latitude"":30.3115892,""longitude"":-86.1088933},""countryFullname"":""United States"",""streetAddress"":{""apt"":"""",""name"":""East County Highway 30A"",""number"":""4101""},""formatted"":""4101 E County Hwy 30A, Santa Rosa Beach, FL 32459, USA"",""country"":""US"",""postalCode"":""32459"",""subdivision"":""FL""}","(850) 231-4544","https://www.boggyboyspizza.com/","$$","Boggy Boys Pizza serves New York-style pies, garlic knuckles, and slices on County Highway 30A in Seagrove Beach, with beer and wine at this shop. Formerly Brozinni Pizzeria.","Daily 11am-9pm. Hours may vary in the off-season.","/restaurants1/","","","","[""Casual Dining""]","[""Italian"",""American""]","[""Lunch"",""Dinner""]","[""Pizza""]","","[""In Review""]","[""In Review""]","[""Yes""]","[""In Review""]","[""In Review""]","[""In Review""]","[""Coming Soon""]","","","[""Yes""]","[""Restaurant""]","Boggy Boys Pizza New York pizza Seagrove Beach","","2026-09-30T14:00:00Z","2026-09-30T14:00:00Z","","2026-09-30T14:00:00Z","","[""In Review""]"
"PUBLISHED","Pecan Jacks","pecan-jacks-seagrove-beach","/restaurants/pecan-jacks-seagrove-beach","Seagrove Beach","seagrove-beach","Seagrove Beach","","{""subdivisions"":[{""code"":""FL"",""name"":""Florida"",""type"":""ADMINISTRATIVE_AREA_LEVEL_1""},{""code"":""Walton County"",""name"":""Walton County"",""type"":""ADMINISTRATIVE_AREA_LEVEL_2""},{""code"":""Santa Rosa Beach"",""name"":""Santa Rosa Beach"",""type"":""ADMINISTRATIVE_AREA_LEVEL_3""},{""code"":""US"",""name"":""United States"",""type"":""COUNTRY""}],""city"":""Santa Rosa Beach"",""location"":{""latitude"":30.3120594,""longitude"":-86.0995254},""countryFullname"":""United States"",""streetAddress"":{""apt"":"""",""name"":""East County Highway 30A"",""number"":""4771""},""formatted"":""4771 E County Hwy 30A, Seagrove Beach, FL 32459, USA"",""country"":""US"",""postalCode"":""32459"",""subdivision"":""FL""}","(850) 622-0011","https://pecanjacks.com/locations/seagrove-beach","$$","Pecan Jacks in Seagrove Beach scoops small-batch ice cream and sells pralines, brittle, and chocolates on County Highway 30A.","Sunday-Thursday 11am-9pm, Friday-Saturday 11am-9:30pm.","/restaurants1/","","","","[""Casual Dining""]","[""American"",""Dessert""]","[""Desserts""]","[""Ice Cream"",""Dessert""]","","[""In Review""]","[""In Review""]","[""In Review""]","[""In Review""]","[""In Review""]","[""In Review""]","[""Coming Soon""]","","","[""Yes""]","[""Dessert""]","Pecan Jacks ice cream pralines candy dessert Seagrove Beach","","2026-09-30T14:00:00Z","2026-09-30T14:00:00Z","","2026-09-30T14:00:00Z","","[""In Review""]"
"PUBLISHED","Boxcar Annie","boxcar-annie-blue-mountain-beach","/restaurants/boxcar-annie-blue-mountain-beach","Blue Mountain Beach","blue-mountain-beach","Blue Mountain Beach","","{""subdivisions"":[{""code"":""FL"",""name"":""Florida"",""type"":""ADMINISTRATIVE_AREA_LEVEL_1""},{""code"":""Walton County"",""name"":""Walton County"",""type"":""ADMINISTRATIVE_AREA_LEVEL_2""},{""code"":""Santa Rosa Beach"",""name"":""Santa Rosa Beach"",""type"":""ADMINISTRATIVE_AREA_LEVEL_3""},{""code"":""US"",""name"":""United States"",""type"":""COUNTRY""}],""city"":""Santa Rosa Beach"",""location"":{""latitude"":30.340957,""longitude"":-86.202999},""countryFullname"":""United States"",""streetAddress"":{""apt"":"""",""name"":""West County Highway 30A"",""number"":""2252""},""formatted"":""2252 W County Hwy 30A, Santa Rosa Beach, FL 32459, USA"",""country"":""US"",""postalCode"":""32459"",""subdivision"":""FL""}","(850) 231-1120","https://cowgirlkitchen.com/boxcar-annie/","$$","Boxcar Annie is Cowgirl Kitchen’s saloon in Blue Mountain Beach, with cocktails and live music. It shares 2252 W County Highway 30A with Cowgirl Kitchen Market & Cafe.","Monday-Friday 2:30pm-9pm, Saturday-Sunday 10am-9pm.","/restaurants1/","","","","[""Casual Dining""]","[""American""]","[""Lunch"",""Dinner""]","[""Grill""]","","[""Yes""]","[""Yes""]","[""Yes""]","[""In Review""]","[""In Review""]","[""In Review""]","[""Coming Soon""]","","","[""Yes""]","[""Bar & Restaurant""]","Boxcar Annie saloon cocktails live music Cowgirl Kitchen Blue Mountain Beach","","2026-09-30T14:00:00Z","2026-09-30T14:00:00Z","","2026-09-30T14:00:00Z","","[""In Review""]"
"PUBLISHED","Redd’s Pub","redds-pub","/restaurants/redds-pub","Nearby","nearby","Nearby | US 98","US 98","{""subdivisions"":[{""code"":""FL"",""name"":""Florida"",""type"":""ADMINISTRATIVE_AREA_LEVEL_1""},{""code"":""Walton County"",""name"":""Walton County"",""type"":""ADMINISTRATIVE_AREA_LEVEL_2""},{""code"":""Santa Rosa Beach"",""name"":""Santa Rosa Beach"",""type"":""ADMINISTRATIVE_AREA_LEVEL_3""},{""code"":""US"",""name"":""United States"",""type"":""COUNTRY""}],""city"":""Santa Rosa Beach"",""location"":{""latitude"":30.3749365,""longitude"":-86.2439743},""countryFullname"":""United States"",""streetAddress"":{""apt"":""Unit 1"",""name"":""US Highway 98 West"",""number"":""3906""},""formatted"":""3906 US Hwy 98 W, Unit 1, Santa Rosa Beach, FL 32459, USA"",""country"":""US"",""postalCode"":""32459"",""subdivision"":""FL""}","(850) 325-0252","https://reddspub.com/","","[Lunch Wednesday, Thursday, and Friday, 12 to 3pm.](https://reddspub.com/redds-pop-up-lunch-featuring-ss-soul-food/) Great scratch-made food near you in Santa Rosa Beach. Redd’s Pub is a locally owned restaurant serving its best burgers, ribs, sandwiches, salads, cold drinks, and live entertainment. Guests enjoy the famous Singing Bartender, where you request the songs and Redd performs them live throughout the evening.","Wed-Fri lunch 11am-2pm; Tue-Sat 4pm-10pm, kitchen last call 9pm. Closed Sun and Mon.","","/images/restaurants/redds-pub/01.jpg","/images/restaurants/redds-pub/02.jpg","/images/restaurants/redds-pub-logo.png","[""Casual Dining""]","[""American""]","[""Lunch"",""Dinner""]","[""Burgers"",""Pizza""]","","[""Yes""]","[""In Review""]","[""Yes""]","[""In Review""]","[""In Review""]","[""Yes""]","","https://www.facebook.com/reddsbar/","https://www.instagram.com/reddsbar/","[""Yes""]","[""Bar & Restaurant""]","Redd’s Pub Redds Pub ribs pizza burgers US 98 Santa Rosa Beach Nearby","d9e16682-1fc7-4719-ba88-1cad750e7f49","2026-10-02T18:00:00Z","2026-10-02T18:00:00Z","de29ed44-ed1b-41d4-b93d-94f3e3c2dc4d","2026-10-02T18:00:00Z","","[""In Review""]"
"PUBLISHED","Down Island Gulf Seafood","down-island-gulf-seafood","/restaurants/down-island-gulf-seafood","Nearby","nearby","Nearby | US 98","US 98","{""subdivisions"":[{""code"":""FL"",""name"":""Florida"",""type"":""ADMINISTRATIVE_AREA_LEVEL_1""},{""code"":""Walton County"",""name"":""Walton County"",""type"":""ADMINISTRATIVE_AREA_LEVEL_2""},{""code"":""Santa Rosa Beach"",""name"":""Santa Rosa Beach"",""type"":""ADMINISTRATIVE_AREA_LEVEL_3""},{""code"":""US"",""name"":""United States"",""type"":""COUNTRY""}],""city"":""Santa Rosa Beach"",""location"":{""latitude"":30.3744388,""longitude"":-86.2247541},""countryFullname"":""United States"",""streetAddress"":{""apt"":"""",""name"":""US Highway 98 West"",""number"":""2780""},""formatted"":""2780 US Hwy 98 W, Santa Rosa Beach, FL 32459, USA"",""country"":""US"",""postalCode"":""32459"",""subdivision"":""FL""}","(850) 777-3385","https://downislandsrb.com/","","Down Island Gulf Seafood serves Gulf fish, oysters, shrimp, and crab, with a raw bar and wood-fired dishes. It is on US 98, about a quarter mile east of County Road 393.","Closed Monday. Lunch Tue-Sat 11am-3pm. Dinner Tue-Thu 5pm-9pm, Fri-Sat 5pm-10pm, Sun 5pm-9pm. Sunday brunch 10am-3pm.","","/images/restaurants/down-island-gulf-seafood/01.jpg","/images/restaurants/down-island-gulf-seafood/02.jpg","/images/restaurants/down-island-gulf-seafood-logo.png","[""Casual Dining""]","[""Seafood""]","[""Lunch"",""Dinner""]","[""Raw Bar""]","","[""Yes""]","[""Yes""]","[""Yes""]","[""In Review""]","[""In Review""]","[""Yes""]","","https://www.facebook.com/downislandsrb/","https://www.instagram.com/downislandsrb/","[""Yes""]","[""Restaurant""]","Down Island Gulf Seafood oysters shrimp crab raw bar US 98 CR 393 County Road 393 Santa Rosa Beach Nearby","fc922a3a-956f-4d0a-8422-634c2199f090","2026-10-02T18:00:00Z","2026-10-02T18:00:00Z","de29ed44-ed1b-41d4-b93d-94f3e3c2dc4d","2026-10-02T18:00:00Z","","[""In Review""]"
"PUBLISHED","98 Bar-B-Que","98-bar-b-que","/restaurants/98-bar-b-que","Nearby","nearby","Nearby | US 98","US 98","{""subdivisions"":[{""code"":""FL"",""name"":""Florida"",""type"":""ADMINISTRATIVE_AREA_LEVEL_1""},{""code"":""Walton County"",""name"":""Walton County"",""type"":""ADMINISTRATIVE_AREA_LEVEL_2""},{""code"":""Santa Rosa Beach"",""name"":""Santa Rosa Beach"",""type"":""ADMINISTRATIVE_AREA_LEVEL_3""},{""code"":""US"",""name"":""United States"",""type"":""COUNTRY""}],""city"":""Santa Rosa Beach"",""location"":{""latitude"":30.3754131,""longitude"":-86.2619793},""countryFullname"":""United States"",""streetAddress"":{""apt"":""Unit 1"",""name"":""US Highway 98 West"",""number"":""5008""},""formatted"":""5008 US Hwy 98 W, Unit 1, Santa Rosa Beach, FL 32459, USA"",""country"":""US"",""postalCode"":""32459"",""subdivision"":""FL""}","(850) 622-0679","https://98bbq.com/","$$","98 Bar-B-Que serves smoked barbecue and gumbo for lunch and dinner on US 98. The dining room can take large parties.","Mon-Thu 11am-8pm, Fri-Sat 11am-9pm. Closed Sunday.","","/images/restaurants/98-bar-b-que/01.jpg","/images/restaurants/98-bar-b-que/01.jpg","/images/restaurants/98-bar-b-que-logo.png","[""Casual Dining""]","[""BBQ""]","[""Lunch"",""Dinner""]","[""Grill""]","","[""In Review""]","[""In Review""]","[""In Review""]","[""In Review""]","[""In Review""]","[""In Review""]","","https://www.facebook.com/139273702798108","","[""In Review""]","[""Restaurant""]","98 Bar-B-Que BBQ barbecue gumbo US 98 Santa Rosa Beach Nearby","c616d94b-7bc1-4e92-a5a3-12d6a743f717","2026-10-02T18:00:00Z","2026-10-02T18:00:00Z","de29ed44-ed1b-41d4-b93d-94f3e3c2dc4d","2026-10-02T18:00:00Z","","[""Yes""]"
"PUBLISHED","Don Pedro’s Mexican Restaurant","don-pedros-mexican-restaurant","/restaurants/don-pedros-mexican-restaurant","Nearby","nearby","Nearby | US 98","US 98","{""subdivisions"":[{""code"":""FL"",""name"":""Florida"",""type"":""ADMINISTRATIVE_AREA_LEVEL_1""},{""code"":""Walton County"",""name"":""Walton County"",""type"":""ADMINISTRATIVE_AREA_LEVEL_2""},{""code"":""Santa Rosa Beach"",""name"":""Santa Rosa Beach"",""type"":""ADMINISTRATIVE_AREA_LEVEL_3""},{""code"":""US"",""name"":""United States"",""type"":""COUNTRY""}],""city"":""Santa Rosa Beach"",""location"":{""latitude"":30.3754483,""longitude"":-86.2600648},""countryFullname"":""United States"",""streetAddress"":{""apt"":""Suite 8"",""name"":""US Highway 98 West"",""number"":""4942""},""formatted"":""4942 US Hwy 98 W, Suite 8, Santa Rosa Beach, FL 32459, USA"",""country"":""US"",""postalCode"":""32459"",""subdivision"":""FL""}","(850) 267-0009","https://www.donpedrosmexican.com/","","Don Pedro’s Mexican Restaurant serves Mexican breakfast, lunch, and dinner on US 98, including a kids menu.","Mon-Sat 7am-9pm, Sun 7am-2pm","","/images/restaurants/don-pedros-mexican-restaurant/01.jpg","/images/restaurants/don-pedros-mexican-restaurant/02.jpg","/images/restaurants/don-pedros-mexican-restaurant-logo.png","","[""Mexican""]","[""Breakfast"",""Lunch"",""Dinner""]","[""Tacos""]","","[""In Review""]","[""In Review""]","[""In Review""]","[""In Review""]","[""In Review""]","[""In Review""]","","https://www.facebook.com/Donpedrosmexican/","https://www.instagram.com/donpedros.restaurant/","[""Yes""]","[""Restaurant""]","Don Pedro’s Mexican Restaurant tacos breakfast US 98 Santa Rosa Beach Nearby","65032896-cc36-4c07-880b-535d71defb6b","2026-10-02T18:00:00Z","2026-10-02T18:00:00Z","de29ed44-ed1b-41d4-b93d-94f3e3c2dc4d","2026-10-02T18:00:00Z","","[""In Review""]"
"PUBLISHED","Outcast Bar & Grill","outcast-bar-and-grill","/restaurants/outcast-bar-and-grill","Nearby","nearby","Nearby | US 98","US 98","{""subdivisions"":[{""code"":""FL"",""name"":""Florida"",""type"":""ADMINISTRATIVE_AREA_LEVEL_1""},{""code"":""Walton County"",""name"":""Walton County"",""type"":""ADMINISTRATIVE_AREA_LEVEL_2""},{""code"":""Santa Rosa Beach"",""name"":""Santa Rosa Beach"",""type"":""ADMINISTRATIVE_AREA_LEVEL_3""},{""code"":""US"",""name"":""United States"",""type"":""COUNTRY""}],""city"":""Santa Rosa Beach"",""location"":{""latitude"":30.3754483,""longitude"":-86.2600648},""countryFullname"":""United States"",""streetAddress"":{""apt"":""Suites 1-2"",""name"":""US Highway 98 West"",""number"":""4942""},""formatted"":""4942 US Hwy 98 W, Suites 1-2, Santa Rosa Beach, FL 32459, USA"",""country"":""US"",""postalCode"":""32459"",""subdivision"":""FL""}","(850) 660-6851","https://www.outcastbarandgrill.com/","$$","Outcast Bar & Grill serves wings, seafood, burgers, and salads on US 98, and stays open late.","Mon-Thu 11am-1am, Fri-Sat 11am-2am, Sun 11am-1am","","/images/restaurants/outcast-bar-and-grill/01.jpg","/images/restaurants/outcast-bar-and-grill/02.jpg","/images/restaurants/outcast-bar-and-grill-logo.png","","[""American"",""Seafood""]","[""Lunch"",""Dinner"",""Late night""]","[""Burgers"",""Grill""]","","[""In Review""]","[""In Review""]","[""In Review""]","[""In Review""]","[""In Review""]","[""In Review""]","","https://www.facebook.com/people/Outcast-Bar-Grill/100089669452574/","https://www.instagram.com/outcastbarandgrill/","[""In Review""]","[""Bar & Restaurant""]","Outcast Bar and Grill wings seafood burgers US 98 Santa Rosa Beach Nearby","81bedd47-1370-48ed-9610-a9630a359234","2026-10-02T18:00:00Z","2026-10-02T18:00:00Z","de29ed44-ed1b-41d4-b93d-94f3e3c2dc4d","2026-10-02T18:00:00Z","","[""In Review""]"
"PUBLISHED","Thai Chiang Rai","thai-chiang-rai","/restaurants/thai-chiang-rai","Nearby","nearby","Nearby | US 98","US 98","{""subdivisions"":[{""code"":""FL"",""name"":""Florida"",""type"":""ADMINISTRATIVE_AREA_LEVEL_1""},{""code"":""Walton County"",""name"":""Walton County"",""type"":""ADMINISTRATIVE_AREA_LEVEL_2""},{""code"":""Santa Rosa Beach"",""name"":""Santa Rosa Beach"",""type"":""ADMINISTRATIVE_AREA_LEVEL_3""},{""code"":""US"",""name"":""United States"",""type"":""COUNTRY""}],""city"":""Santa Rosa Beach"",""location"":{""latitude"":30.3754483,""longitude"":-86.2600648},""countryFullname"":""United States"",""streetAddress"":{""apt"":""Suite 20"",""name"":""US Highway 98 West"",""number"":""4942""},""formatted"":""4942 US Hwy 98 W, Suite 20, Santa Rosa Beach, FL 32459, USA"",""country"":""US"",""postalCode"":""32459"",""subdivision"":""FL""}","(850) 213-3972","https://thaichiangraifl.com/","$$","Thai Chiang Rai serves Northern Thai cooking on US 98. Weekdays break between lunch and dinner.","Mon-Fri 11am-3pm and 5pm-9pm, Sat-Sun 12pm-9pm","","/images/restaurants/thai-chiang-rai/01.jpg","/images/restaurants/thai-chiang-rai/02.jpg","/images/restaurants/thai-chiang-rai-logo.png","[""Casual Dining""]","[""Thai""]","[""Lunch"",""Dinner""]","","","[""In Review""]","[""In Review""]","[""In Review""]","[""In Review""]","[""In Review""]","[""Yes""]","","https://www.facebook.com/148059367050413","","[""In Review""]","[""Restaurant""]","Thai Chiang Rai Northern Thai US 98 Santa Rosa Beach Nearby","d7c74849-a3d1-4356-98d6-21c99fd2b62c","2026-10-02T18:00:00Z","2026-10-02T18:00:00Z","de29ed44-ed1b-41d4-b93d-94f3e3c2dc4d","2026-10-02T18:00:00Z","","[""In Review""]"
"PUBLISHED","Fat Daddy’s Pizza","fat-daddys-pizza","/restaurants/fat-daddys-pizza","Nearby","nearby","Nearby | US 98","US 98","{""subdivisions"":[{""code"":""FL"",""name"":""Florida"",""type"":""ADMINISTRATIVE_AREA_LEVEL_1""},{""code"":""Walton County"",""name"":""Walton County"",""type"":""ADMINISTRATIVE_AREA_LEVEL_2""},{""code"":""Santa Rosa Beach"",""name"":""Santa Rosa Beach"",""type"":""ADMINISTRATIVE_AREA_LEVEL_3""},{""code"":""US"",""name"":""United States"",""type"":""COUNTRY""}],""city"":""Santa Rosa Beach"",""location"":{""latitude"":30.3754483,""longitude"":-86.2600648},""countryFullname"":""United States"",""streetAddress"":{""apt"":""Suite 18"",""name"":""US Highway 98 West"",""number"":""4942""},""formatted"":""4942 US Hwy 98 W, Suite 18, Santa Rosa Beach, FL 32459, USA"",""country"":""US"",""postalCode"":""32459"",""subdivision"":""FL""}","(850) 267-4992","https://www.fatdaddyspizza.com/","$","Fat Daddy’s Pizza serves pizza on US 98.","Mon and Sun 4pm-8pm, Tue-Sat 11am-8pm","","/images/restaurants/fat-daddys-pizza/01.jpg","/images/restaurants/fat-daddys-pizza/01.jpg","/images/restaurants/fat-daddys-pizza-logo.png","","[""American""]","[""Lunch"",""Dinner""]","[""Pizza""]","","[""In Review""]","[""In Review""]","[""In Review""]","[""In Review""]","[""In Review""]","[""In Review""]","","https://www.facebook.com/FatDaddysPizza/","","[""In Review""]","[""Restaurant""]","Fat Daddy’s Pizza Fat Daddys pizza US 98 Santa Rosa Beach Nearby","a683a7d8-8b6f-452f-afb5-0af2f143be19","2026-10-02T18:00:00Z","2026-10-02T18:00:00Z","de29ed44-ed1b-41d4-b93d-94f3e3c2dc4d","2026-10-02T18:00:00Z","","[""In Review""]"
"PUBLISHED","VKI Japanese Steak House & Sushi","vki-japanese-steak-house-and-sushi","/restaurants/vki-japanese-steak-house-and-sushi","Nearby","nearby","Nearby | US 98","US 98","{""subdivisions"":[{""code"":""FL"",""name"":""Florida"",""type"":""ADMINISTRATIVE_AREA_LEVEL_1""},{""code"":""Walton County"",""name"":""Walton County"",""type"":""ADMINISTRATIVE_AREA_LEVEL_2""},{""code"":""Santa Rosa Beach"",""name"":""Santa Rosa Beach"",""type"":""ADMINISTRATIVE_AREA_LEVEL_3""},{""code"":""US"",""name"":""United States"",""type"":""COUNTRY""}],""city"":""Santa Rosa Beach"",""location"":{""latitude"":30.375439,""longitude"":-86.2532973},""countryFullname"":""United States"",""streetAddress"":{""apt"":"""",""name"":""US Highway 98"",""number"":""4552""},""formatted"":""4552 US Hwy 98, Santa Rosa Beach, FL 32459, USA"",""country"":""US"",""postalCode"":""32459"",""subdivision"":""FL""}","(850) 267-2555","https://www.vkijapanesefl.com/","$$","VKI Japanese Steak House & Sushi serves hibachi and sushi on US 98 and is closed Monday.","Tue-Sun 11am-10pm. Closed Monday.","","/images/restaurants/vki-japanese-steak-house-and-sushi/01.jpg","/images/restaurants/vki-japanese-steak-house-and-sushi/01.jpg","/images/restaurants/vki-japanese-steak-house-and-sushi-logo.png","","[""Japanese""]","[""Lunch"",""Dinner""]","[""Sushi"",""Steak""]","","[""In Review""]","[""In Review""]","[""In Review""]","[""In Review""]","[""In Review""]","[""In Review""]","","https://www.facebook.com/218693158225254","","[""In Review""]","[""Restaurant""]","VKI Japanese Steak House Sushi hibachi US 98 Santa Rosa Beach Nearby","a9017319-eaa9-47bc-ae3a-a161b9450d15","2026-10-02T18:00:00Z","2026-10-02T18:00:00Z","de29ed44-ed1b-41d4-b93d-94f3e3c2dc4d","2026-10-02T18:00:00Z","","[""In Review""]"
"PUBLISHED","Thai Elephant","thai-elephant","/restaurants/thai-elephant","Nearby","nearby","Nearby | US 98","US 98","{""subdivisions"":[{""code"":""FL"",""name"":""Florida"",""type"":""ADMINISTRATIVE_AREA_LEVEL_1""},{""code"":""Walton County"",""name"":""Walton County"",""type"":""ADMINISTRATIVE_AREA_LEVEL_2""},{""code"":""Santa Rosa Beach"",""name"":""Santa Rosa Beach"",""type"":""ADMINISTRATIVE_AREA_LEVEL_3""},{""code"":""US"",""name"":""United States"",""type"":""COUNTRY""}],""city"":""Santa Rosa Beach"",""location"":{""latitude"":30.3749365,""longitude"":-86.2439743},""countryFullname"":""United States"",""streetAddress"":{""apt"":""Suites 5-6"",""name"":""US Highway 98 West"",""number"":""3906""},""formatted"":""3906 US Hwy 98 W, Suites 5-6, Santa Rosa Beach, FL 32459, USA"",""country"":""US"",""postalCode"":""32459"",""subdivision"":""FL""}","(850) 660-6711","https://www.thaielephantsrbfl.com/","","Thai Elephant serves Thai food and sushi on US 98. Reservations are by phone.","Mon-Fri 11am-3pm and 5pm-8:30pm, Sat-Sun 11am-8:30pm","","/images/restaurants/thai-elephant/01.jpg","/images/restaurants/thai-elephant/02.jpg","/images/restaurants/thai-elephant-logo.png","","[""Thai""]","[""Lunch"",""Dinner""]","[""Sushi""]","","[""In Review""]","[""In Review""]","[""In Review""]","[""In Review""]","[""In Review""]","[""Yes""]","","https://www.facebook.com/thaielephantdestin/","","[""In Review""]","[""Restaurant""]","Thai Elephant Thai sushi US 98 Santa Rosa Beach Nearby","560b836e-095c-4ab6-ba97-a07615beb4a3","2026-10-02T18:00:00Z","2026-10-02T18:00:00Z","de29ed44-ed1b-41d4-b93d-94f3e3c2dc4d","2026-10-02T18:00:00Z","","[""In Review""]"
"PUBLISHED","Stock & Brew Cafe","stock-and-brew-cafe","/restaurants/stock-and-brew-cafe","Nearby","nearby","Nearby | US 98","US 98","{""subdivisions"":[{""code"":""FL"",""name"":""Florida"",""type"":""ADMINISTRATIVE_AREA_LEVEL_1""},{""code"":""Walton County"",""name"":""Walton County"",""type"":""ADMINISTRATIVE_AREA_LEVEL_2""},{""code"":""Santa Rosa Beach"",""name"":""Santa Rosa Beach"",""type"":""ADMINISTRATIVE_AREA_LEVEL_3""},{""code"":""US"",""name"":""United States"",""type"":""COUNTRY""}],""city"":""Santa Rosa Beach"",""location"":{""latitude"":30.3740088,""longitude"":-86.2226016},""countryFullname"":""United States"",""streetAddress"":{""apt"":""Suite 1101"",""name"":""US Highway 98 West"",""number"":""2668""},""formatted"":""2668 Hwy 98 W, Suite 1101, Santa Rosa Beach, FL 32459, USA"",""country"":""US"",""postalCode"":""32459"",""subdivision"":""FL""}","(850) 460-2476","https://www.stockandbrew.com/","","Stock & Brew Cafe serves coffee, espresso, and light bites on US 98, next to Stock & Trade. It is open daily from 7am to 3pm.","Daily 7am-3pm","","/images/restaurants/stock-and-brew-cafe/01.jpg","/images/restaurants/stock-and-brew-cafe/02.jpg","/images/restaurants/stock-and-brew-cafe-logo.png","","[""Cafe""]","[""Breakfast"",""Lunch""]","[""Coffee"",""Cafe""]","","[""Yes""]","[""Yes""]","[""In Review""]","[""In Review""]","[""In Review""]","[""In Review""]","","https://www.facebook.com/stockandbrewcafe/","https://www.instagram.com/stockandbrewcafe/","[""In Review""]","[""Cafe / Coffee""]","Stock & Brew Cafe Stock and Brew coffee espresso US 98 Santa Rosa Beach Nearby","671f3372-f597-42bb-98ab-eb89ec752cb7","2026-10-02T18:00:00Z","2026-10-02T18:00:00Z","de29ed44-ed1b-41d4-b93d-94f3e3c2dc4d","2026-10-02T18:00:00Z","","[""In Review""]"
"PUBLISHED","Café Aroma","cafe-aroma-inlet-beach","/restaurants/cafe-aroma-inlet-beach","Inlet Beach","inlet-beach","Inlet Beach | US 98","US 98","{""subdivisions"":[{""code"":""FL"",""name"":""Florida"",""type"":""ADMINISTRATIVE_AREA_LEVEL_1""},{""code"":""Walton County"",""name"":""Walton County"",""type"":""ADMINISTRATIVE_AREA_LEVEL_2""},{""code"":""Inlet Beach"",""name"":""Inlet Beach"",""type"":""ADMINISTRATIVE_AREA_LEVEL_3""},{""code"":""US"",""name"":""United States"",""type"":""COUNTRY""}],""city"":""Inlet Beach"",""location"":{""latitude"":30.2745414,""longitude"":-85.9993204},""countryFullname"":""United States"",""streetAddress"":{""apt"":""Unit 7"",""name"":""U.S. 98"",""number"":""13625""},""formatted"":""13625 US-98, Unit 7, Inlet Beach, FL 32461, USA"",""country"":""US"",""postalCode"":""32461"",""subdivision"":""FL""}","(850) 909-0303","https://thecafearoma.square.site/","","Café Aroma serves coffee, donuts, bagels, and breakfast sandwiches at the Shoppes at Inlet on US 98.","Daily 7am-3pm","","/images/restaurants/cafe-aroma-inlet-beach/01.jpg","/images/restaurants/cafe-aroma-inlet-beach/02.jpg","/images/restaurants/cafe-aroma-inlet-beach-logo.png","","[""Cafe""]","[""Breakfast"",""Lunch""]","[""Coffee"",""Donuts""]","","[""In Review""]","[""In Review""]","[""In Review""]","[""In Review""]","[""In Review""]","[""In Review""]","","https://www.facebook.com/400017444133145","","[""In Review""]","[""Cafe / Coffee""]","Café Aroma Cafe Aroma coffee donuts bagels Shoppes at Inlet US 98 Inlet Beach","76dc2c52-329e-4a32-9653-659e338138c2","2026-10-02T18:00:00Z","2026-10-02T18:00:00Z","de29ed44-ed1b-41d4-b93d-94f3e3c2dc4d","2026-10-02T18:00:00Z","","[""In Review""]"
"PUBLISHED","Shelby’s Beach Bar and Grill","shelbys-beach-bar-and-grill","/restaurants/shelbys-beach-bar-and-grill","Gulf Place","gulf-place","Gulf Place","","{""subdivisions"": [{""code"": ""FL"", ""name"": ""Florida"", ""type"": ""ADMINISTRATIVE_AREA_LEVEL_1""}, {""code"": ""Walton County"", ""name"": ""Walton County"", ""type"": ""ADMINISTRATIVE_AREA_LEVEL_2""}, {""code"": ""Santa Rosa Beach"", ""name"": ""Santa Rosa Beach"", ""type"": ""ADMINISTRATIVE_AREA_LEVEL_3""}, {""code"": ""US"", ""name"": ""United States"", ""type"": ""COUNTRY""}], ""city"": ""Santa Rosa Beach"", ""location"": {""latitude"": 30.3475765, ""longitude"": -86.2302672}, ""countryFullname"": ""United States"", ""streetAddress"": {""apt"": """", ""name"": ""Town Center Loop"", ""number"": ""37""}, ""formatted"": ""37 Town Center Loop, Santa Rosa Beach, FL 32459, USA"", ""country"": ""US"", ""postalCode"": ""32459"", ""subdivision"": ""FL""}","(850) 660-2069","https://www.shelbysbeachbar30a.com/","","Shelby’s is the Perfect Pig family’s beach bar at Gulf Place. The covered patio looks over Ed Walline beach access and the Gulf, and the bar pours frozen cocktails.","Daily 11am-10pm","","/images/restaurants/shelbys-beach-bar-and-grill/01.jpg","/images/restaurants/shelbys-beach-bar-and-grill/02.jpg","/images/restaurants/shelbys-beach-bar-and-grill-logo.png","[""Casual Dining"", ""Bar""]","[""Seafood"", ""American""]","[""Lunch"", ""Dinner""]","[""Sandwiches""]","","","","[""Yes""]","[""Yes""]","","[""No""]","","https://www.facebook.com/Shelbys-Beach-Bar-Grill-105039292248573","","","Bar & Restaurant","Perfect Pig Gulf Place Ed Walline beach bar frozen cocktails","f6ff147a-c7e0-46b0-a005-f0df24e96040","2026-10-03T21:45:00Z","2026-10-03T21:45:00Z","de29ed44-ed1b-41d4-b93d-94f3e3c2dc4d","2026-10-03T21:45:00Z","",""
"PUBLISHED","Louis Louis","louis-louis","/restaurants/louis-louis","Nearby","nearby","Nearby | US 98","Mussett Bayou Rd","{""subdivisions"": [{""code"": ""FL"", ""name"": ""Florida"", ""type"": ""ADMINISTRATIVE_AREA_LEVEL_1""}, {""code"": ""Walton County"", ""name"": ""Walton County"", ""type"": ""ADMINISTRATIVE_AREA_LEVEL_2""}, {""code"": ""Santa Rosa Beach"", ""name"": ""Santa Rosa Beach"", ""type"": ""ADMINISTRATIVE_AREA_LEVEL_3""}, {""code"": ""US"", ""name"": ""United States"", ""type"": ""COUNTRY""}], ""city"": ""Santa Rosa Beach"", ""location"": {""latitude"": 30.3751203, ""longitude"": -86.254836}, ""countryFullname"": ""United States"", ""streetAddress"": {""apt"": """", ""name"": ""Mussett Bayou Road"", ""number"": ""35""}, ""formatted"": ""35 Mussett Bayou Rd, Santa Rosa Beach, FL 32459, USA"", ""country"": ""US"", ""postalCode"": ""32459"", ""subdivision"": ""FL""}","(850) 267-1500","https://www.louislouis.net/","","Louis Louis is the sister restaurant of The Red Bar, on Mussett Bayou rather than in a 30A town. The room is festive and a little kitschy, and the plates people come back for are blackened grouper, crab cakes, and shrimp and crawfish pasta.","Daily 4:30pm-9pm","","/images/restaurants/louis-louis/01.jpg","","/images/restaurants/louis-louis-logo.png","[""Casual Dining"", ""Bar""]","[""Seafood"", ""American""]","[""Dinner""]","","","","","[""Yes""]","[""Yes""]","","","","https://www.facebook.com/louislouis850/","","","Restaurant","Red Bar Mussett Bayou grouper crab cakes","ed675390-2bf1-405a-8090-34436ff5e4a3","2026-10-03T21:45:00Z","2026-10-03T21:45:00Z","de29ed44-ed1b-41d4-b93d-94f3e3c2dc4d","2026-10-03T21:45:00Z","","[""Yes""]"
"PUBLISHED","North Beach Social","north-beach-social","/restaurants/north-beach-social","Nearby","nearby","Nearby | US 98","Hwy 331","{""subdivisions"": [{""code"": ""FL"", ""name"": ""Florida"", ""type"": ""ADMINISTRATIVE_AREA_LEVEL_1""}, {""code"": ""Walton County"", ""name"": ""Walton County"", ""type"": ""ADMINISTRATIVE_AREA_LEVEL_2""}, {""code"": ""Santa Rosa Beach"", ""name"": ""Santa Rosa Beach"", ""type"": ""ADMINISTRATIVE_AREA_LEVEL_3""}, {""code"": ""US"", ""name"": ""United States"", ""type"": ""COUNTRY""}], ""city"": ""Santa Rosa Beach"", ""location"": {""latitude"": 30.3883002, ""longitude"": -86.1746664}, ""countryFullname"": ""United States"", ""streetAddress"": {""apt"": """", ""name"": ""US Highway 331 South"", ""number"": ""24200""}, ""formatted"": ""24200 Hwy 331 S, Santa Rosa Beach, FL 32459, USA"", ""country"": ""US"", ""postalCode"": ""32459"", ""subdivision"": ""FL""}","(850) 318-4653","https://www.northbeach.social/","$$","North Beach Social is the open-air bar downstairs from Farm & Fire, at the south end of the 331 bridge. The deck faces the sunset over Choctawhatchee Bay, with a stretch of white sand out front. Locals order Grits a Ya Ya and poke bowls, and the staff lights a bonfire at night when the weather allows.","Daily 11am-9pm","","/images/restaurants/north-beach-social/01.jpg","/images/restaurants/north-beach-social/02.jpg","/images/restaurants/north-beach-social-logo.png","[""Waterfront"", ""Bar"", ""Casual Dining""]","[""American"", ""Southern""]","[""Lunch"", ""Dinner""]","[""Burgers""]","","[""Yes""]","","[""Yes""]","[""Yes""]","","","","https://www.facebook.com/northbeachsocial","https://www.instagram.com/northbeachsocial","[""Yes""]","Bar & Restaurant","331 bridge Choctawhatchee Bay Grits a Ya Ya poke bonfire Farm and Fire","411b1fbb-5713-41dc-a2d0-493328e096c9","2026-10-03T21:45:00Z","2026-10-03T21:45:00Z","de29ed44-ed1b-41d4-b93d-94f3e3c2dc4d","2026-10-03T21:45:00Z","",""
"PUBLISHED","Farm & Fire","farm-and-fire","/restaurants/farm-and-fire","Nearby","nearby","Nearby | US 98","Hwy 331","{""subdivisions"": [{""code"": ""FL"", ""name"": ""Florida"", ""type"": ""ADMINISTRATIVE_AREA_LEVEL_1""}, {""code"": ""Walton County"", ""name"": ""Walton County"", ""type"": ""ADMINISTRATIVE_AREA_LEVEL_2""}, {""code"": ""Santa Rosa Beach"", ""name"": ""Santa Rosa Beach"", ""type"": ""ADMINISTRATIVE_AREA_LEVEL_3""}, {""code"": ""US"", ""name"": ""United States"", ""type"": ""COUNTRY""}], ""city"": ""Santa Rosa Beach"", ""location"": {""latitude"": 30.3883002, ""longitude"": -86.1746664}, ""countryFullname"": ""United States"", ""streetAddress"": {""apt"": """", ""name"": ""US Highway 331 South"", ""number"": ""24200""}, ""formatted"": ""24200 Hwy 331 S, Santa Rosa Beach, FL 32459, USA"", ""country"": ""US"", ""postalCode"": ""32459"", ""subdivision"": ""FL""}","(850) 789-6312","https://www.farmandfiresouthwalton.com/","$$","Farm & Fire is the upstairs room above North Beach Social, looking over Choctawhatchee Bay. The kitchen treats it as a meeting place, with a rotating seasonal menu meant to be shared and a full bar.","Mon-Sat 4pm-9pm. Sun 11am-9pm, brunch 11am-3pm.","","/images/restaurants/farm-and-fire/01.jpg","","/images/restaurants/farm-and-fire-logo.png","[""Casual Dining"", ""Waterfront""]","[""Southern"", ""American""]","[""Dinner""]","[""Pizza""]","","[""Yes""]","","","","","[""Yes""]","","https://www.facebook.com/farmandfirerestaurant","https://www.instagram.com/farmandfiresouthwalton/","","Restaurant","Jim Shirley seasonal shared menu Choctawhatchee Bay North Beach Social","a2ad9f2d-143b-4a1b-82de-12ffb7f8bdd7","2026-10-03T21:45:00Z","2026-10-03T21:45:00Z","de29ed44-ed1b-41d4-b93d-94f3e3c2dc4d","2026-10-03T21:45:00Z","","[""Yes""]"
"PUBLISHED","Pazzo Italiano","pazzo-italiano-santa-rosa-beach","/restaurants/pazzo-italiano-santa-rosa-beach","Nearby","nearby","Nearby | US 98","Hwy 393","{""subdivisions"": [{""code"": ""FL"", ""name"": ""Florida"", ""type"": ""ADMINISTRATIVE_AREA_LEVEL_1""}, {""code"": ""Walton County"", ""name"": ""Walton County"", ""type"": ""ADMINISTRATIVE_AREA_LEVEL_2""}, {""code"": ""Santa Rosa Beach"", ""name"": ""Santa Rosa Beach"", ""type"": ""ADMINISTRATIVE_AREA_LEVEL_3""}, {""code"": ""US"", ""name"": ""United States"", ""type"": ""COUNTRY""}], ""city"": ""Santa Rosa Beach"", ""location"": {""latitude"": 30.3756876, ""longitude"": -86.2292161}, ""countryFullname"": ""United States"", ""streetAddress"": {""apt"": ""Unit 301"", ""name"": ""North Highway 393"", ""number"": ""111""}, ""formatted"": ""111 N Hwy 393, Unit 301, Santa Rosa Beach, FL 32459, USA"", ""country"": ""US"", ""postalCode"": ""32459"", ""subdivision"": ""FL""}","(850) 213-4581","https://www.pazzodestin.com/santa-rosa-beach-location/","","This is the Santa Rosa Beach Pazzo, not the Destin restaurant. Alfonso Di Bonito, a pizza chef from Napoli, and Levente Tischler run the kitchen, and the pies come out of a wood-fired oven.","Mon-Fri 11am-9pm. Sat-Sun 4pm-9pm.","","/images/restaurants/pazzo-italiano-santa-rosa-beach/01.jpg","","/images/restaurants/pazzo-italiano-santa-rosa-beach-logo.png","[""Casual Dining""]","[""Italian""]","[""Lunch"", ""Dinner""]","[""Pizza"", ""Pasta""]","","","","","","","[""Yes""]","","https://www.facebook.com/pazzoitalianodestin/","https://www.instagram.com/pazzoitalianodestin/","[""Yes""]","Restaurant","Santa Rosa Beach wood fired Napoli Alfonso Di Bonito not Destin","8a184d80-dff7-4e74-b48b-fdcc231eab12","2026-10-03T21:45:00Z","2026-10-03T21:45:00Z","de29ed44-ed1b-41d4-b93d-94f3e3c2dc4d","2026-10-03T21:45:00Z","",""
"PUBLISHED","The Donut Hole (US 98)","the-donut-hole-us-98","/restaurants/the-donut-hole-us-98","Nearby","nearby","Nearby | US 98","US 98","{""subdivisions"": [{""code"": ""FL"", ""name"": ""Florida"", ""type"": ""ADMINISTRATIVE_AREA_LEVEL_1""}, {""code"": ""Walton County"", ""name"": ""Walton County"", ""type"": ""ADMINISTRATIVE_AREA_LEVEL_2""}, {""code"": ""Santa Rosa Beach"", ""name"": ""Santa Rosa Beach"", ""type"": ""ADMINISTRATIVE_AREA_LEVEL_3""}, {""code"": ""US"", ""name"": ""United States"", ""type"": ""COUNTRY""}], ""city"": ""Santa Rosa Beach"", ""location"": {""latitude"": 30.3748882, ""longitude"": -86.2895686}, ""countryFullname"": ""United States"", ""streetAddress"": {""apt"": """", ""name"": ""US Highway 98 West"", ""number"": ""6745""}, ""formatted"": ""6745 US Hwy 98 W, Santa Rosa Beach, FL 32459, USA"", ""country"": ""US"", ""postalCode"": ""32459"", ""subdivision"": ""FL""}","(850) 267-3239","https://donutholerestaurant.com/santa-rosa-beach/","","This is the original Donut Hole on US 98 in Santa Rosa Beach, separate from the Inlet Beach shop. The bakery is known for fresh donuts, pastries, and homemade pies.","","","/images/restaurants/the-donut-hole-us-98/01.jpg","","/images/restaurants/the-donut-hole-us-98-logo.png","[""Casual Dining""]","[""Southern""]","[""Breakfast"", ""Lunch"", ""Dinner""]","[""Donuts"", ""Bakery""]","","","","","","","","","","","","Restaurant","original Santa Rosa Beach bakery pies pastries not Inlet Beach","703a7fa3-5d9d-4d16-b1e7-495d472654e1","2026-10-03T21:45:00Z","2026-10-03T21:45:00Z","de29ed44-ed1b-41d4-b93d-94f3e3c2dc4d","2026-10-03T21:45:00Z","",""
"PUBLISHED","Cajun Corner Sports Bar and Grill","cajun-corner-sports-bar-and-grill","/restaurants/cajun-corner-sports-bar-and-grill","Grayton Beach","grayton-beach","Grayton Beach","","{""subdivisions"": [{""code"": ""FL"", ""name"": ""Florida"", ""type"": ""ADMINISTRATIVE_AREA_LEVEL_1""}, {""code"": ""Walton County"", ""name"": ""Walton County"", ""type"": ""ADMINISTRATIVE_AREA_LEVEL_2""}, {""code"": ""Santa Rosa Beach"", ""name"": ""Santa Rosa Beach"", ""type"": ""ADMINISTRATIVE_AREA_LEVEL_3""}, {""code"": ""US"", ""name"": ""United States"", ""type"": ""COUNTRY""}], ""city"": ""Santa Rosa Beach"", ""location"": {""latitude"": 30.39304, ""longitude"": -86.279708}, ""countryFullname"": ""United States"", ""streetAddress"": {""apt"": """", ""name"": ""Bald Eagle Drive"", ""number"": ""306""}, ""formatted"": ""306 Bald Eagle Dr, Santa Rosa Beach, FL 32459, USA"", ""country"": ""US"", ""postalCode"": ""32459"", ""subdivision"": ""FL""}","(850) 660-1500","https://cajuncornersrb.com/","","Cajun Corner is a Grayton Beach sports bar with boils and po’boys. Sunday brunch runs from 10am to 2pm, and Saturday and Sunday include bottomless mimosas from 11am to 2pm. Bring in a fish you caught and Hook n Cook will blacken it over smoked Gouda grits.","","","/images/restaurants/cajun-corner-sports-bar-and-grill/01.jpg","/images/restaurants/cajun-corner-sports-bar-and-grill/02.jpg","/images/restaurants/cajun-corner-sports-bar-and-grill-logo.png","[""Sports Bar"", ""Casual Dining""]","[""American""]","[""Lunch"", ""Dinner""]","[""Grill"", ""Burgers""]","","","","","","","","","https://www.facebook.com/profile.php?id=61566557592631","","[""Yes""]","Sports Bar","boils po boys Sunday brunch Hook n Cook mimosas Grayton","c56dad27-451d-4045-b50f-b2ea92c30550","2026-10-03T21:45:00Z","2026-10-03T21:45:00Z","de29ed44-ed1b-41d4-b93d-94f3e3c2dc4d","2026-10-03T21:45:00Z","",""
"PUBLISHED","Crust Artisan Bakery","crust-artisan-bakery","/restaurants/crust-artisan-bakery","Nearby","nearby","Nearby | US 98","US 98","{""subdivisions"": [{""code"": ""FL"", ""name"": ""Florida"", ""type"": ""ADMINISTRATIVE_AREA_LEVEL_1""}, {""code"": ""Walton County"", ""name"": ""Walton County"", ""type"": ""ADMINISTRATIVE_AREA_LEVEL_2""}, {""code"": ""Santa Rosa Beach"", ""name"": ""Santa Rosa Beach"", ""type"": ""ADMINISTRATIVE_AREA_LEVEL_3""}, {""code"": ""US"", ""name"": ""United States"", ""type"": ""COUNTRY""}], ""city"": ""Santa Rosa Beach"", ""location"": {""latitude"": 30.3737926, ""longitude"": -86.2577346}, ""countryFullname"": ""United States"", ""streetAddress"": {""apt"": ""Ste 101"", ""name"": ""US Highway 98 West"", ""number"": ""4821""}, ""formatted"": ""4821 US Hwy 98 W, Ste 101, Santa Rosa Beach, FL 32459, USA"", ""country"": ""US"", ""postalCode"": ""32459"", ""subdivision"": ""FL""}","(850) 622-1022","https://www.crustartisanbakery.com/","","Crust grew out of an artisan bakery and still bakes for a small dining room on US 98. The plates people know are ziti with Sunday gravy, veal parmesan, and piccata, along with a list of specialty pizzas.","","","","","","[""Casual Dining""]","[""Italian""]","[""Dinner""]","[""Pizza"", ""Pasta"", ""Bakery""]","","","","","","","","","https://www.facebook.com/CRUSTartisanbakery","","","Restaurant","Sunday gravy veal parmesan piccata specialty pizza bakery","1d245a2b-e920-4506-98ee-3a2f7159c5e2","2026-10-03T21:45:00Z","2026-10-03T21:45:00Z","de29ed44-ed1b-41d4-b93d-94f3e3c2dc4d","2026-10-03T21:45:00Z","",""
"PUBLISHED","Los Rancheros","los-rancheros","/restaurants/los-rancheros","Nearby","nearby","Nearby | US 98","US 98","{""subdivisions"": [{""code"": ""FL"", ""name"": ""Florida"", ""type"": ""ADMINISTRATIVE_AREA_LEVEL_1""}, {""code"": ""Walton County"", ""name"": ""Walton County"", ""type"": ""ADMINISTRATIVE_AREA_LEVEL_2""}, {""code"": ""Santa Rosa Beach"", ""name"": ""Santa Rosa Beach"", ""type"": ""ADMINISTRATIVE_AREA_LEVEL_3""}, {""code"": ""US"", ""name"": ""United States"", ""type"": ""COUNTRY""}], ""city"": ""Santa Rosa Beach"", ""location"": {""latitude"": 30.3750119, ""longitude"": -86.2684185}, ""countryFullname"": ""United States"", ""streetAddress"": {""apt"": """", ""name"": ""US Highway 98 West"", ""number"": ""5524""}, ""formatted"": ""5524 US Hwy 98 W, Santa Rosa Beach, FL 32459, USA"", ""country"": ""US"", ""postalCode"": ""32459"", ""subdivision"": ""FL""}","(850) 622-0754","https://losrancheroscantina.com/santa-rosa-beach/","","Los Rancheros is a Mexican grill and bar on US 98 in Santa Rosa Beach, with a sister shop in Freeport.","","","/images/restaurants/los-rancheros/01.jpg","/images/restaurants/los-rancheros/02.jpg","/images/restaurants/los-rancheros-logo.png","[""Casual Dining"", ""Bar""]","[""Mexican""]","[""Lunch"", ""Dinner""]","[""Grill""]","","","","","","","","","https://www.facebook.com/LosRancherosSantaRosaBeach","https://www.instagram.com/losrancherossantarosabeach/","","Bar & Restaurant","Santa Rosa Beach Freeport Mexican grill and bar","1171950e-2dd7-4eca-9143-ec5c3f1bbe7c","2026-10-03T21:45:00Z","2026-10-03T21:45:00Z","de29ed44-ed1b-41d4-b93d-94f3e3c2dc4d","2026-10-03T21:45:00Z","",""
"PUBLISHED","Decadent Dessert Bar & Bistro","decadent-dessert-bar-and-bistro","/restaurants/decadent-dessert-bar-and-bistro","Inlet Beach","inlet-beach","Inlet Beach | 30Avenue","30Avenue","{""subdivisions"": [{""code"": ""FL"", ""name"": ""Florida"", ""type"": ""ADMINISTRATIVE_AREA_LEVEL_1""}, {""code"": ""Walton County"", ""name"": ""Walton County"", ""type"": ""ADMINISTRATIVE_AREA_LEVEL_2""}, {""code"": ""Inlet Beach"", ""name"": ""Inlet Beach"", ""type"": ""ADMINISTRATIVE_AREA_LEVEL_3""}, {""code"": ""US"", ""name"": ""United States"", ""type"": ""COUNTRY""}], ""city"": ""Inlet Beach"", ""location"": {""latitude"": 30.2812304, ""longitude"": -86.0107007}, ""countryFullname"": ""United States"", ""streetAddress"": {""apt"": """", ""name"": ""US Highway 98 East"", ""number"": ""12805""}, ""formatted"": ""12805 US Hwy 98 E, Inlet Beach, FL 32461, USA"", ""country"": ""US"", ""postalCode"": ""32461"", ""subdivision"": ""FL""}","(913) 258-8877","https://www.decadentdessertbar.com/","","Decadent is the coffee and dessert bar in the 30Avenue block at Inlet Beach. Desserts are made fresh through the day, and the coffee bar pours house blends, drinking chocolate, and fruit smoothies.","","","/images/restaurants/decadent-dessert-bar-and-bistro/01.jpg","","/images/restaurants/decadent-dessert-bar-and-bistro-logo.png","[""Cafe""]","[""Dessert"", ""Cafe""]","[""Breakfast"", ""Desserts""]","[""Coffee"", ""Dessert""]","","","","","","","","","https://www.facebook.com/decadentcoffeeanddessertbar/","https://www.instagram.com/decadent_dessert_bar","","Cafe / Coffee","30Avenue coffee drinking chocolate smoothies dessert bar","c5535f19-84bc-41d4-a46e-8299e83ce0fb","2026-10-03T21:45:00Z","2026-10-03T21:45:00Z","de29ed44-ed1b-41d4-b93d-94f3e3c2dc4d","2026-10-03T21:45:00Z","",""
"PUBLISHED","Pecan Jacks","pecan-jacks-grayton-beach","/restaurants/pecan-jacks-grayton-beach","Grayton Beach","grayton-beach","Grayton Beach","","{""subdivisions"":[{""code"":""FL"",""name"":""Florida"",""type"":""ADMINISTRATIVE_AREA_LEVEL_1""},{""code"":""Walton County"",""name"":""Walton County"",""type"":""ADMINISTRATIVE_AREA_LEVEL_2""},{""code"":""Santa Rosa Beach"",""name"":""Santa Rosa Beach"",""type"":""ADMINISTRATIVE_AREA_LEVEL_3""},{""code"":""US"",""name"":""United States"",""type"":""COUNTRY""}],""city"":""Grayton Beach"",""location"":{""latitude"":30.3368588,""longitude"":-86.1664298},""countryFullname"":""United States"",""streetAddress"":{""apt"":""Unit 105"",""name"":""East County Highway 30A"",""number"":""32""},""formatted"":""32 E County Hwy 30A, Unit 105, Grayton Beach, FL 32459"",""country"":""US"",""postalCode"":""32459"",""subdivision"":""FL""}","(850) 622-0011","https://pecanjacks.com/locations/grayton-beach","","Pecan Jacks in Grayton Beach scoops small-batch ice cream and sells handcrafted candy.","Daily 12pm-9:30pm","/restaurants1/","/images/restaurants/pecan-jacks-grayton-beach/01.jpg","/images/restaurants/pecan-jacks-grayton-beach/01.jpg","","[""Casual Dining""]","[""American"",""Dessert""]","[""Desserts""]","[""Ice Cream"",""Dessert""]","","[""In Review""]","[""In Review""]","[""In Review""]","[""In Review""]","[""In Review""]","[""In Review""]","[""Coming Soon""]","https://www.facebook.com/pecanjacksgraytonbeach","https://www.instagram.com/pecanjacksgraytonbeach","[""Yes""]","[""Dessert""]","Pecan Jacks ice cream candy dessert Grayton Beach","","2026-10-05T20:00:00Z","2026-10-05T20:00:00Z","","2026-10-05T20:00:00Z","","[""In Review""]"
